[0.000000] (-) TimerEvent: {}
[0.000243] (realsense2_camera_msgs) JobQueued: {'identifier': 'realsense2_camera_msgs', 'dependencies': OrderedDict()}
[0.000485] (realsense_gazebo_plugin) JobQueued: {'identifier': 'realsense_gazebo_plugin', 'dependencies': OrderedDict()}
[0.000501] (realsense2_camera) JobQueued: {'identifier': 'realsense2_camera', 'dependencies': OrderedDict([('realsense2_camera_msgs', '/ros_ws/install/realsense2_camera_msgs')])}
[0.000514] (realsense2_description) JobQueued: {'identifier': 'realsense2_description', 'dependencies': OrderedDict([('realsense2_camera_msgs', '/ros_ws/install/realsense2_camera_msgs')])}
[0.000526] (realsense2_camera_msgs) JobStarted: {'identifier': 'realsense2_camera_msgs'}
[0.005473] (realsense_gazebo_plugin) JobStarted: {'identifier': 'realsense_gazebo_plugin'}
[0.008660] (realsense2_camera_msgs) JobProgress: {'identifier': 'realsense2_camera_msgs', 'progress': 'cmake'}
[0.009494] (realsense2_camera_msgs) JobProgress: {'identifier': 'realsense2_camera_msgs', 'progress': 'build'}
[0.009566] (realsense2_camera_msgs) Command: {'cmd': ['/usr/bin/cmake', '--build', '/ros_ws/build/realsense2_camera_msgs', '--', '-j16', '-l16'], 'cwd': '/ros_ws/build/realsense2_camera_msgs', 'env': OrderedDict([('HOSTNAME', 'kast-pc'), ('SHLVL', '1'), ('LD_LIBRARY_PATH', '/ros_ws/install/realsense_gazebo_plugin/lib:/usr/lib/x86_64-linux-gnu/gazebo-11/plugins:/opt/ros/humble/opt/rviz_ogre_vendor/lib:/opt/ros/humble/lib/x86_64-linux-gnu:/opt/ros/humble/lib'), ('HOME', '/root'), ('ROS_PYTHON_VERSION', '3'), ('COLCON_PREFIX_PATH', '/ros_ws/install'), ('ROS_DISTRO', 'humble'), ('_', '/usr/bin/colcon'), ('ROS_VERSION', '2'), ('TERM', 'xterm'), ('ROS_LOCALHOST_ONLY', '0'), ('QT_X11_NO_MITSHM', '1'), ('PATH', '/opt/ros/humble/bin:/usr/local/sbin:/usr/local/bin:/usr/sbin:/usr/bin:/sbin:/bin'), ('DISPLAY', ':1'), ('LANG', 'C.UTF-8'), ('LS_COLORS', 'rs=0:di=01;34:ln=01;36:mh=00:pi=40;33:so=01;35:do=01;35:bd=40;33;01:cd=40;33;01:or=40;31;01:mi=00:su=37;41:sg=30;43:ca=30;41:tw=30;42:ow=34;42:st=37;44:ex=01;32:*.tar=01;31:*.tgz=01;31:*.arc=01;31:*.arj=01;31:*.taz=01;31:*.lha=01;31:*.lz4=01;31:*.lzh=01;31:*.lzma=01;31:*.tlz=01;31:*.txz=01;31:*.tzo=01;31:*.t7z=01;31:*.zip=01;31:*.z=01;31:*.dz=01;31:*.gz=01;31:*.lrz=01;31:*.lz=01;31:*.lzo=01;31:*.xz=01;31:*.zst=01;31:*.tzst=01;31:*.bz2=01;31:*.bz=01;31:*.tbz=01;31:*.tbz2=01;31:*.tz=01;31:*.deb=01;31:*.rpm=01;31:*.jar=01;31:*.war=01;31:*.ear=01;31:*.sar=01;31:*.rar=01;31:*.alz=01;31:*.ace=01;31:*.zoo=01;31:*.cpio=01;31:*.7z=01;31:*.rz=01;31:*.cab=01;31:*.wim=01;31:*.swm=01;31:*.dwm=01;31:*.esd=01;31:*.jpg=01;35:*.jpeg=01;35:*.mjpg=01;35:*.mjpeg=01;35:*.gif=01;35:*.bmp=01;35:*.pbm=01;35:*.pgm=01;35:*.ppm=01;35:*.tga=01;35:*.xbm=01;35:*.xpm=01;35:*.tif=01;35:*.tiff=01;35:*.png=01;35:*.svg=01;35:*.svgz=01;35:*.mng=01;35:*.pcx=01;35:*.mov=01;35:*.mpg=01;35:*.mpeg=01;35:*.m2v=01;35:*.mkv=01;35:*.webm=01;35:*.webp=01;35:*.ogm=01;35:*.mp4=01;35:*.m4v=01;35:*.mp4v=01;35:*.vob=01;35:*.qt=01;35:*.nuv=01;35:*.wmv=01;35:*.asf=01;35:*.rm=01;35:*.rmvb=01;35:*.flc=01;35:*.avi=01;35:*.fli=01;35:*.flv=01;35:*.gl=01;35:*.dl=01;35:*.xcf=01;35:*.xwd=01;35:*.yuv=01;35:*.cgm=01;35:*.emf=01;35:*.ogv=01;35:*.ogx=01;35:*.aac=00;36:*.au=00;36:*.flac=00;36:*.m4a=00;36:*.mid=00;36:*.midi=00;36:*.mka=00;36:*.mp3=00;36:*.mpc=00;36:*.ogg=00;36:*.ra=00;36:*.wav=00;36:*.oga=00;36:*.opus=00;36:*.spx=00;36:*.xspf=00;36:'), ('AMENT_PREFIX_PATH', '/ros_ws/install/realsense_gazebo_plugin:/ros_ws/install/realsense2_description:/opt/ros/humble'), ('DEBIAN_FRONTEND', 'noninteractive'), ('PWD', '/ros_ws/build/realsense2_camera_msgs'), ('LC_ALL', 'C.UTF-8'), ('PYTHONPATH', '/opt/ros/humble/lib/python3.10/site-packages:/opt/ros/humble/local/lib/python3.10/dist-packages'), ('COLCON', '1'), ('CMAKE_PREFIX_PATH', '/ros_ws/install/realsense_gazebo_plugin:/ros_ws/install/realsense2_description:/opt/ros/humble')]), 'shell': False}
[0.011660] (realsense_gazebo_plugin) JobProgress: {'identifier': 'realsense_gazebo_plugin', 'progress': 'cmake'}
[0.012252] (realsense_gazebo_plugin) JobProgress: {'identifier': 'realsense_gazebo_plugin', 'progress': 'build'}
[0.012644] (realsense_gazebo_plugin) Command: {'cmd': ['/usr/bin/cmake', '--build', '/ros_ws/build/realsense_gazebo_plugin', '--', '-j16', '-l16'], 'cwd': '/ros_ws/build/realsense_gazebo_plugin', 'env': OrderedDict([('HOSTNAME', 'kast-pc'), ('SHLVL', '1'), ('LD_LIBRARY_PATH', '/ros_ws/install/realsense_gazebo_plugin/lib:/usr/lib/x86_64-linux-gnu/gazebo-11/plugins:/opt/ros/humble/opt/rviz_ogre_vendor/lib:/opt/ros/humble/lib/x86_64-linux-gnu:/opt/ros/humble/lib'), ('HOME', '/root'), ('ROS_PYTHON_VERSION', '3'), ('COLCON_PREFIX_PATH', '/ros_ws/install'), ('ROS_DISTRO', 'humble'), ('_', '/usr/bin/colcon'), ('ROS_VERSION', '2'), ('TERM', 'xterm'), ('ROS_LOCALHOST_ONLY', '0'), ('QT_X11_NO_MITSHM', '1'), ('PATH', '/opt/ros/humble/bin:/usr/local/sbin:/usr/local/bin:/usr/sbin:/usr/bin:/sbin:/bin'), ('DISPLAY', ':1'), ('LANG', 'C.UTF-8'), ('LS_COLORS', 'rs=0:di=01;34:ln=01;36:mh=00:pi=40;33:so=01;35:do=01;35:bd=40;33;01:cd=40;33;01:or=40;31;01:mi=00:su=37;41:sg=30;43:ca=30;41:tw=30;42:ow=34;42:st=37;44:ex=01;32:*.tar=01;31:*.tgz=01;31:*.arc=01;31:*.arj=01;31:*.taz=01;31:*.lha=01;31:*.lz4=01;31:*.lzh=01;31:*.lzma=01;31:*.tlz=01;31:*.txz=01;31:*.tzo=01;31:*.t7z=01;31:*.zip=01;31:*.z=01;31:*.dz=01;31:*.gz=01;31:*.lrz=01;31:*.lz=01;31:*.lzo=01;31:*.xz=01;31:*.zst=01;31:*.tzst=01;31:*.bz2=01;31:*.bz=01;31:*.tbz=01;31:*.tbz2=01;31:*.tz=01;31:*.deb=01;31:*.rpm=01;31:*.jar=01;31:*.war=01;31:*.ear=01;31:*.sar=01;31:*.rar=01;31:*.alz=01;31:*.ace=01;31:*.zoo=01;31:*.cpio=01;31:*.7z=01;31:*.rz=01;31:*.cab=01;31:*.wim=01;31:*.swm=01;31:*.dwm=01;31:*.esd=01;31:*.jpg=01;35:*.jpeg=01;35:*.mjpg=01;35:*.mjpeg=01;35:*.gif=01;35:*.bmp=01;35:*.pbm=01;35:*.pgm=01;35:*.ppm=01;35:*.tga=01;35:*.xbm=01;35:*.xpm=01;35:*.tif=01;35:*.tiff=01;35:*.png=01;35:*.svg=01;35:*.svgz=01;35:*.mng=01;35:*.pcx=01;35:*.mov=01;35:*.mpg=01;35:*.mpeg=01;35:*.m2v=01;35:*.mkv=01;35:*.webm=01;35:*.webp=01;35:*.ogm=01;35:*.mp4=01;35:*.m4v=01;35:*.mp4v=01;35:*.vob=01;35:*.qt=01;35:*.nuv=01;35:*.wmv=01;35:*.asf=01;35:*.rm=01;35:*.rmvb=01;35:*.flc=01;35:*.avi=01;35:*.fli=01;35:*.flv=01;35:*.gl=01;35:*.dl=01;35:*.xcf=01;35:*.xwd=01;35:*.yuv=01;35:*.cgm=01;35:*.emf=01;35:*.ogv=01;35:*.ogx=01;35:*.aac=00;36:*.au=00;36:*.flac=00;36:*.m4a=00;36:*.mid=00;36:*.midi=00;36:*.mka=00;36:*.mp3=00;36:*.mpc=00;36:*.ogg=00;36:*.ra=00;36:*.wav=00;36:*.oga=00;36:*.opus=00;36:*.spx=00;36:*.xspf=00;36:'), ('AMENT_PREFIX_PATH', '/ros_ws/install/realsense_gazebo_plugin:/ros_ws/install/realsense2_description:/opt/ros/humble'), ('DEBIAN_FRONTEND', 'noninteractive'), ('PWD', '/ros_ws/build/realsense_gazebo_plugin'), ('LC_ALL', 'C.UTF-8'), ('PYTHONPATH', '/opt/ros/humble/lib/python3.10/site-packages:/opt/ros/humble/local/lib/python3.10/dist-packages'), ('COLCON', '1'), ('CMAKE_PREFIX_PATH', '/ros_ws/install/realsense_gazebo_plugin:/ros_ws/install/realsense2_description:/opt/ros/humble')]), 'shell': False}
[0.046219] (realsense2_camera_msgs) StdoutLine: {'line': b'\x1b[35m\x1b[1mConsolidate compiler generated dependencies of target realsense2_camera_msgs__rosidl_generator_c\x1b[0m\n'}
[0.053433] (realsense2_camera_msgs) StdoutLine: {'line': b'[  1%] Built target realsense2_camera_msgs__cpp\n'}
[0.057306] (realsense2_camera_msgs) StdoutLine: {'line': b'[ 12%] Built target realsense2_camera_msgs__rosidl_generator_c\n'}
[0.061638] (realsense2_camera_msgs) StdoutLine: {'line': b'[ 12%] Built target ament_cmake_python_copy_realsense2_camera_msgs\n'}
[0.063262] (realsense2_camera_msgs) StdoutLine: {'line': b'\x1b[35m\x1b[1mConsolidate compiler generated dependencies of target realsense2_camera_msgs__rosidl_typesupport_cpp\x1b[0m\n'}
[0.063435] (realsense2_camera_msgs) StdoutLine: {'line': b'\x1b[35m\x1b[1mConsolidate compiler generated dependencies of target realsense2_camera_msgs__rosidl_typesupport_introspection_cpp\x1b[0m\n'}
[0.063904] (realsense2_camera_msgs) StdoutLine: {'line': b'\x1b[35m\x1b[1mConsolidate compiler generated dependencies of target realsense2_camera_msgs__rosidl_typesupport_fastrtps_cpp\x1b[0m\n'}
[0.066577] (realsense2_camera_msgs) StdoutLine: {'line': b'\x1b[35m\x1b[1mConsolidate compiler generated dependencies of target realsense2_camera_msgs__rosidl_typesupport_c\x1b[0m\n'}
[0.066813] (realsense2_camera_msgs) StdoutLine: {'line': b'\x1b[35m\x1b[1mConsolidate compiler generated dependencies of target realsense2_camera_msgs__rosidl_typesupport_introspection_c\x1b[0m\n'}
[0.067445] (realsense2_camera_msgs) StdoutLine: {'line': b'\x1b[35m\x1b[1mConsolidate compiler generated dependencies of target realsense2_camera_msgs__rosidl_typesupport_fastrtps_c\x1b[0m\n'}
[0.079388] (realsense2_camera_msgs) StdoutLine: {'line': b'[ 50%] Built target realsense2_camera_msgs__rosidl_typesupport_cpp\n'}
[0.079689] (realsense2_camera_msgs) StdoutLine: {'line': b'[ 56%] Built target realsense2_camera_msgs__rosidl_typesupport_introspection_cpp\n'}
[0.079747] (realsense2_camera_msgs) StdoutLine: {'line': b'[ 56%] Built target realsense2_camera_msgs__rosidl_typesupport_introspection_c\n'}
[0.079808] (realsense2_camera_msgs) StdoutLine: {'line': b'[ 58%] Built target realsense2_camera_msgs__rosidl_typesupport_c\n'}
[0.084798] (realsense2_camera_msgs) StdoutLine: {'line': b'[ 70%] Built target realsense2_camera_msgs__rosidl_typesupport_fastrtps_cpp\n'}
[0.085202] (realsense_gazebo_plugin) StdoutLine: {'line': b'[100%] Built target realsense_gazebo_plugin\n'}
[0.088243] (realsense2_camera_msgs) StdoutLine: {'line': b'[ 81%] Built target realsense2_camera_msgs__rosidl_typesupport_fastrtps_c\n'}
[0.097845] (realsense_gazebo_plugin) CommandEnded: {'returncode': 0}
[0.098495] (realsense_gazebo_plugin) JobProgress: {'identifier': 'realsense_gazebo_plugin', 'progress': 'install'}
[0.099863] (-) TimerEvent: {}
[0.108723] (realsense_gazebo_plugin) Command: {'cmd': ['/usr/bin/cmake', '--install', '/ros_ws/build/realsense_gazebo_plugin'], 'cwd': '/ros_ws/build/realsense_gazebo_plugin', 'env': OrderedDict([('HOSTNAME', 'kast-pc'), ('SHLVL', '1'), ('LD_LIBRARY_PATH', '/ros_ws/install/realsense_gazebo_plugin/lib:/usr/lib/x86_64-linux-gnu/gazebo-11/plugins:/opt/ros/humble/opt/rviz_ogre_vendor/lib:/opt/ros/humble/lib/x86_64-linux-gnu:/opt/ros/humble/lib'), ('HOME', '/root'), ('ROS_PYTHON_VERSION', '3'), ('COLCON_PREFIX_PATH', '/ros_ws/install'), ('ROS_DISTRO', 'humble'), ('_', '/usr/bin/colcon'), ('ROS_VERSION', '2'), ('TERM', 'xterm'), ('ROS_LOCALHOST_ONLY', '0'), ('QT_X11_NO_MITSHM', '1'), ('PATH', '/opt/ros/humble/bin:/usr/local/sbin:/usr/local/bin:/usr/sbin:/usr/bin:/sbin:/bin'), ('DISPLAY', ':1'), ('LANG', 'C.UTF-8'), ('LS_COLORS', 'rs=0:di=01;34:ln=01;36:mh=00:pi=40;33:so=01;35:do=01;35:bd=40;33;01:cd=40;33;01:or=40;31;01:mi=00:su=37;41:sg=30;43:ca=30;41:tw=30;42:ow=34;42:st=37;44:ex=01;32:*.tar=01;31:*.tgz=01;31:*.arc=01;31:*.arj=01;31:*.taz=01;31:*.lha=01;31:*.lz4=01;31:*.lzh=01;31:*.lzma=01;31:*.tlz=01;31:*.txz=01;31:*.tzo=01;31:*.t7z=01;31:*.zip=01;31:*.z=01;31:*.dz=01;31:*.gz=01;31:*.lrz=01;31:*.lz=01;31:*.lzo=01;31:*.xz=01;31:*.zst=01;31:*.tzst=01;31:*.bz2=01;31:*.bz=01;31:*.tbz=01;31:*.tbz2=01;31:*.tz=01;31:*.deb=01;31:*.rpm=01;31:*.jar=01;31:*.war=01;31:*.ear=01;31:*.sar=01;31:*.rar=01;31:*.alz=01;31:*.ace=01;31:*.zoo=01;31:*.cpio=01;31:*.7z=01;31:*.rz=01;31:*.cab=01;31:*.wim=01;31:*.swm=01;31:*.dwm=01;31:*.esd=01;31:*.jpg=01;35:*.jpeg=01;35:*.mjpg=01;35:*.mjpeg=01;35:*.gif=01;35:*.bmp=01;35:*.pbm=01;35:*.pgm=01;35:*.ppm=01;35:*.tga=01;35:*.xbm=01;35:*.xpm=01;35:*.tif=01;35:*.tiff=01;35:*.png=01;35:*.svg=01;35:*.svgz=01;35:*.mng=01;35:*.pcx=01;35:*.mov=01;35:*.mpg=01;35:*.mpeg=01;35:*.m2v=01;35:*.mkv=01;35:*.webm=01;35:*.webp=01;35:*.ogm=01;35:*.mp4=01;35:*.m4v=01;35:*.mp4v=01;35:*.vob=01;35:*.qt=01;35:*.nuv=01;35:*.wmv=01;35:*.asf=01;35:*.rm=01;35:*.rmvb=01;35:*.flc=01;35:*.avi=01;35:*.fli=01;35:*.flv=01;35:*.gl=01;35:*.dl=01;35:*.xcf=01;35:*.xwd=01;35:*.yuv=01;35:*.cgm=01;35:*.emf=01;35:*.ogv=01;35:*.ogx=01;35:*.aac=00;36:*.au=00;36:*.flac=00;36:*.m4a=00;36:*.mid=00;36:*.midi=00;36:*.mka=00;36:*.mp3=00;36:*.mpc=00;36:*.ogg=00;36:*.ra=00;36:*.wav=00;36:*.oga=00;36:*.opus=00;36:*.spx=00;36:*.xspf=00;36:'), ('AMENT_PREFIX_PATH', '/ros_ws/install/realsense_gazebo_plugin:/ros_ws/install/realsense2_description:/opt/ros/humble'), ('DEBIAN_FRONTEND', 'noninteractive'), ('PWD', '/ros_ws/build/realsense_gazebo_plugin'), ('LC_ALL', 'C.UTF-8'), ('PYTHONPATH', '/opt/ros/humble/lib/python3.10/site-packages:/opt/ros/humble/local/lib/python3.10/dist-packages'), ('COLCON', '1'), ('CMAKE_PREFIX_PATH', '/ros_ws/install/realsense_gazebo_plugin:/ros_ws/install/realsense2_description:/opt/ros/humble')]), 'shell': False}
[0.110513] (realsense2_camera_msgs) StdoutLine: {'line': b'[ 81%] Built target realsense2_camera_msgs\n'}
[0.118217] (realsense_gazebo_plugin) StdoutLine: {'line': b'-- Install configuration: ""\n'}
[0.118603] (realsense_gazebo_plugin) StdoutLine: {'line': b'-- Up-to-date: /ros_ws/install/realsense_gazebo_plugin/lib/librealsense_gazebo_plugin.so\n'}
[0.118740] (realsense_gazebo_plugin) StdoutLine: {'line': b'-- Up-to-date: /ros_ws/install/realsense_gazebo_plugin/include/\n'}
[0.118833] (realsense_gazebo_plugin) StdoutLine: {'line': b'-- Up-to-date: /ros_ws/install/realsense_gazebo_plugin/include//realsense_gazebo_plugin\n'}
[0.118966] (realsense_gazebo_plugin) StdoutLine: {'line': b'-- Up-to-date: /ros_ws/install/realsense_gazebo_plugin/include//realsense_gazebo_plugin/RealSensePlugin.hpp\n'}
[0.119094] (realsense_gazebo_plugin) StdoutLine: {'line': b'-- Up-to-date: /ros_ws/install/realsense_gazebo_plugin/include//realsense_gazebo_plugin/gazebo_ros_realsense.hpp\n'}
[0.119209] (realsense_gazebo_plugin) StdoutLine: {'line': b'-- Up-to-date: /ros_ws/install/realsense_gazebo_plugin/share/realsense_gazebo_plugin/environment/library_path.sh\n'}
[0.119332] (realsense_gazebo_plugin) StdoutLine: {'line': b'-- Up-to-date: /ros_ws/install/realsense_gazebo_plugin/share/realsense_gazebo_plugin/environment/library_path.dsv\n'}
[0.119446] (realsense_gazebo_plugin) StdoutLine: {'line': b'-- Up-to-date: /ros_ws/install/realsense_gazebo_plugin/share/ament_index/resource_index/package_run_dependencies/realsense_gazebo_plugin\n'}
[0.119538] (realsense_gazebo_plugin) StdoutLine: {'line': b'-- Up-to-date: /ros_ws/install/realsense_gazebo_plugin/share/ament_index/resource_index/parent_prefix_path/realsense_gazebo_plugin\n'}
[0.119636] (realsense_gazebo_plugin) StdoutLine: {'line': b'-- Up-to-date: /ros_ws/install/realsense_gazebo_plugin/share/realsense_gazebo_plugin/environment/ament_prefix_path.sh\n'}
[0.119719] (realsense_gazebo_plugin) StdoutLine: {'line': b'-- Up-to-date: /ros_ws/install/realsense_gazebo_plugin/share/realsense_gazebo_plugin/environment/ament_prefix_path.dsv\n'}
[0.119806] (realsense_gazebo_plugin) StdoutLine: {'line': b'-- Up-to-date: /ros_ws/install/realsense_gazebo_plugin/share/realsense_gazebo_plugin/environment/path.sh\n'}
[0.119943] (realsense_gazebo_plugin) StdoutLine: {'line': b'-- Up-to-date: /ros_ws/install/realsense_gazebo_plugin/share/realsense_gazebo_plugin/environment/path.dsv\n'}
[0.120101] (realsense_gazebo_plugin) StdoutLine: {'line': b'-- Up-to-date: /ros_ws/install/realsense_gazebo_plugin/share/realsense_gazebo_plugin/local_setup.bash\n'}
[0.120178] (realsense_gazebo_plugin) StdoutLine: {'line': b'-- Up-to-date: /ros_ws/install/realsense_gazebo_plugin/share/realsense_gazebo_plugin/local_setup.sh\n'}
[0.120250] (realsense_gazebo_plugin) StdoutLine: {'line': b'-- Up-to-date: /ros_ws/install/realsense_gazebo_plugin/share/realsense_gazebo_plugin/local_setup.zsh\n'}
[0.120325] (realsense_gazebo_plugin) StdoutLine: {'line': b'-- Up-to-date: /ros_ws/install/realsense_gazebo_plugin/share/realsense_gazebo_plugin/local_setup.dsv\n'}
[0.120395] (realsense_gazebo_plugin) StdoutLine: {'line': b'-- Installing: /ros_ws/install/realsense_gazebo_plugin/share/realsense_gazebo_plugin/package.dsv\n'}
[0.120470] (realsense_gazebo_plugin) StdoutLine: {'line': b'-- Up-to-date: /ros_ws/install/realsense_gazebo_plugin/share/ament_index/resource_index/packages/realsense_gazebo_plugin\n'}
[0.120543] (realsense_gazebo_plugin) StdoutLine: {'line': b'-- Up-to-date: /ros_ws/install/realsense_gazebo_plugin/share/realsense_gazebo_plugin/cmake/ament_cmake_export_include_directories-extras.cmake\n'}
[0.120611] (realsense_gazebo_plugin) StdoutLine: {'line': b'-- Up-to-date: /ros_ws/install/realsense_gazebo_plugin/share/realsense_gazebo_plugin/cmake/ament_cmake_export_libraries-extras.cmake\n'}
[0.120704] (realsense_gazebo_plugin) StdoutLine: {'line': b'-- Up-to-date: /ros_ws/install/realsense_gazebo_plugin/share/realsense_gazebo_plugin/cmake/realsense_gazebo_pluginConfig.cmake\n'}
[0.120773] (realsense_gazebo_plugin) StdoutLine: {'line': b'-- Up-to-date: /ros_ws/install/realsense_gazebo_plugin/share/realsense_gazebo_plugin/cmake/realsense_gazebo_pluginConfig-version.cmake\n'}
[0.120839] (realsense_gazebo_plugin) StdoutLine: {'line': b'-- Up-to-date: /ros_ws/install/realsense_gazebo_plugin/share/realsense_gazebo_plugin/package.xml\n'}
[0.122210] (realsense_gazebo_plugin) CommandEnded: {'returncode': 0}
[0.132528] (realsense2_camera_msgs) StdoutLine: {'line': b'[ 82%] Built target realsense2_camera_msgs__py\n'}
[0.143759] (realsense_gazebo_plugin) JobEnded: {'identifier': 'realsense_gazebo_plugin', 'rc': 0}
[0.145602] (realsense2_camera_msgs) StdoutLine: {'line': b'\x1b[35m\x1b[1mConsolidate compiler generated dependencies of target realsense2_camera_msgs__rosidl_generator_py\x1b[0m\n'}
[0.163476] (realsense2_camera_msgs) StdoutLine: {'line': b'[ 93%] Built target realsense2_camera_msgs__rosidl_generator_py\n'}
[0.175167] (realsense2_camera_msgs) StdoutLine: {'line': b'\x1b[35m\x1b[1mConsolidate compiler generated dependencies of target realsense2_camera_msgs__rosidl_typesupport_introspection_c__pyext\x1b[0m\n'}
[0.175343] (realsense2_camera_msgs) StdoutLine: {'line': b'\x1b[35m\x1b[1mConsolidate compiler generated dependencies of target realsense2_camera_msgs__rosidl_typesupport_fastrtps_c__pyext\x1b[0m\n'}
[0.175397] (realsense2_camera_msgs) StdoutLine: {'line': b'\x1b[35m\x1b[1mConsolidate compiler generated dependencies of target realsense2_camera_msgs__rosidl_typesupport_c__pyext\x1b[0m\n'}
[0.189431] (realsense2_camera_msgs) StdoutLine: {'line': b'[100%] Built target realsense2_camera_msgs__rosidl_typesupport_introspection_c__pyext\n'}
[0.189811] (realsense2_camera_msgs) StdoutLine: {'line': b'[100%] Built target realsense2_camera_msgs__rosidl_typesupport_c__pyext\n'}
[0.189896] (realsense2_camera_msgs) StdoutLine: {'line': b'[100%] Built target realsense2_camera_msgs__rosidl_typesupport_fastrtps_c__pyext\n'}
[0.200035] (-) TimerEvent: {}
[0.293490] (realsense2_camera_msgs) StdoutLine: {'line': b'running egg_info\n'}
[0.294427] (realsense2_camera_msgs) StdoutLine: {'line': b'writing realsense2_camera_msgs.egg-info/PKG-INFO\n'}
[0.294570] (realsense2_camera_msgs) StdoutLine: {'line': b'writing dependency_links to realsense2_camera_msgs.egg-info/dependency_links.txt\n'}
[0.294653] (realsense2_camera_msgs) StdoutLine: {'line': b'writing top-level names to realsense2_camera_msgs.egg-info/top_level.txt\n'}
[0.296900] (realsense2_camera_msgs) StdoutLine: {'line': b"reading manifest file 'realsense2_camera_msgs.egg-info/SOURCES.txt'\n"}
[0.297448] (realsense2_camera_msgs) StdoutLine: {'line': b"writing manifest file 'realsense2_camera_msgs.egg-info/SOURCES.txt'\n"}
[0.300045] (-) TimerEvent: {}
[0.327257] (realsense2_camera_msgs) StdoutLine: {'line': b'[100%] Built target ament_cmake_python_build_realsense2_camera_msgs_egg\n'}
[0.340889] (realsense2_camera_msgs) CommandEnded: {'returncode': 0}
[0.341517] (realsense2_camera_msgs) JobProgress: {'identifier': 'realsense2_camera_msgs', 'progress': 'install'}
[0.341743] (realsense2_camera_msgs) Command: {'cmd': ['/usr/bin/cmake', '--install', '/ros_ws/build/realsense2_camera_msgs'], 'cwd': '/ros_ws/build/realsense2_camera_msgs', 'env': OrderedDict([('HOSTNAME', 'kast-pc'), ('SHLVL', '1'), ('LD_LIBRARY_PATH', '/ros_ws/install/realsense_gazebo_plugin/lib:/usr/lib/x86_64-linux-gnu/gazebo-11/plugins:/opt/ros/humble/opt/rviz_ogre_vendor/lib:/opt/ros/humble/lib/x86_64-linux-gnu:/opt/ros/humble/lib'), ('HOME', '/root'), ('ROS_PYTHON_VERSION', '3'), ('COLCON_PREFIX_PATH', '/ros_ws/install'), ('ROS_DISTRO', 'humble'), ('_', '/usr/bin/colcon'), ('ROS_VERSION', '2'), ('TERM', 'xterm'), ('ROS_LOCALHOST_ONLY', '0'), ('QT_X11_NO_MITSHM', '1'), ('PATH', '/opt/ros/humble/bin:/usr/local/sbin:/usr/local/bin:/usr/sbin:/usr/bin:/sbin:/bin'), ('DISPLAY', ':1'), ('LANG', 'C.UTF-8'), ('LS_COLORS', 'rs=0:di=01;34:ln=01;36:mh=00:pi=40;33:so=01;35:do=01;35:bd=40;33;01:cd=40;33;01:or=40;31;01:mi=00:su=37;41:sg=30;43:ca=30;41:tw=30;42:ow=34;42:st=37;44:ex=01;32:*.tar=01;31:*.tgz=01;31:*.arc=01;31:*.arj=01;31:*.taz=01;31:*.lha=01;31:*.lz4=01;31:*.lzh=01;31:*.lzma=01;31:*.tlz=01;31:*.txz=01;31:*.tzo=01;31:*.t7z=01;31:*.zip=01;31:*.z=01;31:*.dz=01;31:*.gz=01;31:*.lrz=01;31:*.lz=01;31:*.lzo=01;31:*.xz=01;31:*.zst=01;31:*.tzst=01;31:*.bz2=01;31:*.bz=01;31:*.tbz=01;31:*.tbz2=01;31:*.tz=01;31:*.deb=01;31:*.rpm=01;31:*.jar=01;31:*.war=01;31:*.ear=01;31:*.sar=01;31:*.rar=01;31:*.alz=01;31:*.ace=01;31:*.zoo=01;31:*.cpio=01;31:*.7z=01;31:*.rz=01;31:*.cab=01;31:*.wim=01;31:*.swm=01;31:*.dwm=01;31:*.esd=01;31:*.jpg=01;35:*.jpeg=01;35:*.mjpg=01;35:*.mjpeg=01;35:*.gif=01;35:*.bmp=01;35:*.pbm=01;35:*.pgm=01;35:*.ppm=01;35:*.tga=01;35:*.xbm=01;35:*.xpm=01;35:*.tif=01;35:*.tiff=01;35:*.png=01;35:*.svg=01;35:*.svgz=01;35:*.mng=01;35:*.pcx=01;35:*.mov=01;35:*.mpg=01;35:*.mpeg=01;35:*.m2v=01;35:*.mkv=01;35:*.webm=01;35:*.webp=01;35:*.ogm=01;35:*.mp4=01;35:*.m4v=01;35:*.mp4v=01;35:*.vob=01;35:*.qt=01;35:*.nuv=01;35:*.wmv=01;35:*.asf=01;35:*.rm=01;35:*.rmvb=01;35:*.flc=01;35:*.avi=01;35:*.fli=01;35:*.flv=01;35:*.gl=01;35:*.dl=01;35:*.xcf=01;35:*.xwd=01;35:*.yuv=01;35:*.cgm=01;35:*.emf=01;35:*.ogv=01;35:*.ogx=01;35:*.aac=00;36:*.au=00;36:*.flac=00;36:*.m4a=00;36:*.mid=00;36:*.midi=00;36:*.mka=00;36:*.mp3=00;36:*.mpc=00;36:*.ogg=00;36:*.ra=00;36:*.wav=00;36:*.oga=00;36:*.opus=00;36:*.spx=00;36:*.xspf=00;36:'), ('AMENT_PREFIX_PATH', '/ros_ws/install/realsense_gazebo_plugin:/ros_ws/install/realsense2_description:/opt/ros/humble'), ('DEBIAN_FRONTEND', 'noninteractive'), ('PWD', '/ros_ws/build/realsense2_camera_msgs'), ('LC_ALL', 'C.UTF-8'), ('PYTHONPATH', '/opt/ros/humble/lib/python3.10/site-packages:/opt/ros/humble/local/lib/python3.10/dist-packages'), ('COLCON', '1'), ('CMAKE_PREFIX_PATH', '/ros_ws/install/realsense_gazebo_plugin:/ros_ws/install/realsense2_description:/opt/ros/humble')]), 'shell': False}
[0.351044] (realsense2_camera_msgs) StdoutLine: {'line': b'-- Install configuration: ""\n'}
[0.351251] (realsense2_camera_msgs) StdoutLine: {'line': b'-- Up-to-date: /ros_ws/install/realsense2_camera_msgs/share/ament_index/resource_index/rosidl_interfaces/realsense2_camera_msgs\n'}
[0.351373] (realsense2_camera_msgs) StdoutLine: {'line': b'-- Up-to-date: /ros_ws/install/realsense2_camera_msgs/include/realsense2_camera_msgs/realsense2_camera_msgs\n'}
[0.351433] (realsense2_camera_msgs) StdoutLine: {'line': b'-- Up-to-date: /ros_ws/install/realsense2_camera_msgs/include/realsense2_camera_msgs/realsense2_camera_msgs/msg\n'}
[0.351490] (realsense2_camera_msgs) StdoutLine: {'line': b'-- Up-to-date: /ros_ws/install/realsense2_camera_msgs/include/realsense2_camera_msgs/realsense2_camera_msgs/msg/metadata.h\n'}
[0.351588] (realsense2_camera_msgs) StdoutLine: {'line': b'-- Up-to-date: /ros_ws/install/realsense2_camera_msgs/include/realsense2_camera_msgs/realsense2_camera_msgs/msg/detail\n'}
[0.351648] (realsense2_camera_msgs) StdoutLine: {'line': b'-- Up-to-date: /ros_ws/install/realsense2_camera_msgs/include/realsense2_camera_msgs/realsense2_camera_msgs/msg/detail/extrinsics__functions.h\n'}
[0.351708] (realsense2_camera_msgs) StdoutLine: {'line': b'-- Up-to-date: /ros_ws/install/realsense2_camera_msgs/include/realsense2_camera_msgs/realsense2_camera_msgs/msg/detail/imu_info__type_support.h\n'}
[0.351766] (realsense2_camera_msgs) StdoutLine: {'line': b'-- Up-to-date: /ros_ws/install/realsense2_camera_msgs/include/realsense2_camera_msgs/realsense2_camera_msgs/msg/detail/rgbd__struct.h\n'}
[0.351832] (realsense2_camera_msgs) StdoutLine: {'line': b'-- Up-to-date: /ros_ws/install/realsense2_camera_msgs/include/realsense2_camera_msgs/realsense2_camera_msgs/msg/detail/rgbd__type_support.h\n'}
[0.351885] (realsense2_camera_msgs) StdoutLine: {'line': b'-- Up-to-date: /ros_ws/install/realsense2_camera_msgs/include/realsense2_camera_msgs/realsense2_camera_msgs/msg/detail/extrinsics__struct.h\n'}
[0.351955] (realsense2_camera_msgs) StdoutLine: {'line': b'-- Up-to-date: /ros_ws/install/realsense2_camera_msgs/include/realsense2_camera_msgs/realsense2_camera_msgs/msg/detail/metadata__functions.c\n'}
[0.352092] (realsense2_camera_msgs) StdoutLine: {'line': b'-- Up-to-date: /ros_ws/install/realsense2_camera_msgs/include/realsense2_camera_msgs/realsense2_camera_msgs/msg/detail/rgbd__functions.c\n'}
[0.352140] (realsense2_camera_msgs) StdoutLine: {'line': b'-- Up-to-date: /ros_ws/install/realsense2_camera_msgs/include/realsense2_camera_msgs/realsense2_camera_msgs/msg/detail/rgbd__functions.h\n'}
[0.352200] (realsense2_camera_msgs) StdoutLine: {'line': b'-- Up-to-date: /ros_ws/install/realsense2_camera_msgs/include/realsense2_camera_msgs/realsense2_camera_msgs/msg/detail/extrinsics__type_support.h\n'}
[0.352245] (realsense2_camera_msgs) StdoutLine: {'line': b'-- Up-to-date: /ros_ws/install/realsense2_camera_msgs/include/realsense2_camera_msgs/realsense2_camera_msgs/msg/detail/metadata__struct.h\n'}
[0.352290] (realsense2_camera_msgs) StdoutLine: {'line': b'-- Up-to-date: /ros_ws/install/realsense2_camera_msgs/include/realsense2_camera_msgs/realsense2_camera_msgs/msg/detail/imu_info__functions.c\n'}
[0.352347] (realsense2_camera_msgs) StdoutLine: {'line': b'-- Up-to-date: /ros_ws/install/realsense2_camera_msgs/include/realsense2_camera_msgs/realsense2_camera_msgs/msg/detail/metadata__type_support.h\n'}
[0.352439] (realsense2_camera_msgs) StdoutLine: {'line': b'-- Up-to-date: /ros_ws/install/realsense2_camera_msgs/include/realsense2_camera_msgs/realsense2_camera_msgs/msg/detail/metadata__functions.h\n'}
[0.352496] (realsense2_camera_msgs) StdoutLine: {'line': b'-- Up-to-date: /ros_ws/install/realsense2_camera_msgs/include/realsense2_camera_msgs/realsense2_camera_msgs/msg/detail/imu_info__functions.h\n'}
[0.352551] (realsense2_camera_msgs) StdoutLine: {'line': b'-- Up-to-date: /ros_ws/install/realsense2_camera_msgs/include/realsense2_camera_msgs/realsense2_camera_msgs/msg/detail/extrinsics__functions.c\n'}
[0.352605] (realsense2_camera_msgs) StdoutLine: {'line': b'-- Up-to-date: /ros_ws/install/realsense2_camera_msgs/include/realsense2_camera_msgs/realsense2_camera_msgs/msg/detail/imu_info__struct.h\n'}
[0.352657] (realsense2_camera_msgs) StdoutLine: {'line': b'-- Up-to-date: /ros_ws/install/realsense2_camera_msgs/include/realsense2_camera_msgs/realsense2_camera_msgs/msg/rgbd.h\n'}
[0.352706] (realsense2_camera_msgs) StdoutLine: {'line': b'-- Up-to-date: /ros_ws/install/realsense2_camera_msgs/include/realsense2_camera_msgs/realsense2_camera_msgs/msg/extrinsics.h\n'}
[0.352757] (realsense2_camera_msgs) StdoutLine: {'line': b'-- Up-to-date: /ros_ws/install/realsense2_camera_msgs/include/realsense2_camera_msgs/realsense2_camera_msgs/msg/rosidl_generator_c__visibility_control.h\n'}
[0.352807] (realsense2_camera_msgs) StdoutLine: {'line': b'-- Up-to-date: /ros_ws/install/realsense2_camera_msgs/include/realsense2_camera_msgs/realsense2_camera_msgs/msg/imu_info.h\n'}
[0.352857] (realsense2_camera_msgs) StdoutLine: {'line': b'-- Up-to-date: /ros_ws/install/realsense2_camera_msgs/include/realsense2_camera_msgs/realsense2_camera_msgs/srv\n'}
[0.352904] (realsense2_camera_msgs) StdoutLine: {'line': b'-- Up-to-date: /ros_ws/install/realsense2_camera_msgs/include/realsense2_camera_msgs/realsense2_camera_msgs/srv/device_info.h\n'}
[0.352954] (realsense2_camera_msgs) StdoutLine: {'line': b'-- Up-to-date: /ros_ws/install/realsense2_camera_msgs/include/realsense2_camera_msgs/realsense2_camera_msgs/srv/detail\n'}
[0.353092] (realsense2_camera_msgs) StdoutLine: {'line': b'-- Up-to-date: /ros_ws/install/realsense2_camera_msgs/include/realsense2_camera_msgs/realsense2_camera_msgs/srv/detail/calib_config_read__type_support.h\n'}
[0.353149] (realsense2_camera_msgs) StdoutLine: {'line': b'-- Up-to-date: /ros_ws/install/realsense2_camera_msgs/include/realsense2_camera_msgs/realsense2_camera_msgs/srv/detail/device_info__struct.h\n'}
[0.353200] (realsense2_camera_msgs) StdoutLine: {'line': b'-- Up-to-date: /ros_ws/install/realsense2_camera_msgs/include/realsense2_camera_msgs/realsense2_camera_msgs/srv/detail/calib_config_read__functions.c\n'}
[0.353300] (realsense2_camera_msgs) StdoutLine: {'line': b'-- Up-to-date: /ros_ws/install/realsense2_camera_msgs/include/realsense2_camera_msgs/realsense2_camera_msgs/srv/detail/calib_config_read__struct.h\n'}
[0.353392] (realsense2_camera_msgs) StdoutLine: {'line': b'-- Up-to-date: /ros_ws/install/realsense2_camera_msgs/include/realsense2_camera_msgs/realsense2_camera_msgs/srv/detail/device_info__type_support.h\n'}
[0.353507] (realsense2_camera_msgs) StdoutLine: {'line': b'-- Up-to-date: /ros_ws/install/realsense2_camera_msgs/include/realsense2_camera_msgs/realsense2_camera_msgs/srv/detail/device_info__functions.h\n'}
[0.353581] (realsense2_camera_msgs) StdoutLine: {'line': b'-- Up-to-date: /ros_ws/install/realsense2_camera_msgs/include/realsense2_camera_msgs/realsense2_camera_msgs/srv/detail/calib_config_write__functions.h\n'}
[0.353629] (realsense2_camera_msgs) StdoutLine: {'line': b'-- Up-to-date: /ros_ws/install/realsense2_camera_msgs/include/realsense2_camera_msgs/realsense2_camera_msgs/srv/detail/calib_config_read__functions.h\n'}
[0.353679] (realsense2_camera_msgs) StdoutLine: {'line': b'-- Up-to-date: /ros_ws/install/realsense2_camera_msgs/include/realsense2_camera_msgs/realsense2_camera_msgs/srv/detail/calib_config_write__type_support.h\n'}
[0.353727] (realsense2_camera_msgs) StdoutLine: {'line': b'-- Up-to-date: /ros_ws/install/realsense2_camera_msgs/include/realsense2_camera_msgs/realsense2_camera_msgs/srv/detail/calib_config_write__functions.c\n'}
[0.353775] (realsense2_camera_msgs) StdoutLine: {'line': b'-- Up-to-date: /ros_ws/install/realsense2_camera_msgs/include/realsense2_camera_msgs/realsense2_camera_msgs/srv/detail/device_info__functions.c\n'}
[0.353823] (realsense2_camera_msgs) StdoutLine: {'line': b'-- Up-to-date: /ros_ws/install/realsense2_camera_msgs/include/realsense2_camera_msgs/realsense2_camera_msgs/srv/detail/calib_config_write__struct.h\n'}
[0.353917] (realsense2_camera_msgs) StdoutLine: {'line': b'-- Up-to-date: /ros_ws/install/realsense2_camera_msgs/include/realsense2_camera_msgs/realsense2_camera_msgs/srv/calib_config_read.h\n'}
[0.353970] (realsense2_camera_msgs) StdoutLine: {'line': b'-- Up-to-date: /ros_ws/install/realsense2_camera_msgs/include/realsense2_camera_msgs/realsense2_camera_msgs/srv/calib_config_write.h\n'}
[0.354072] (realsense2_camera_msgs) StdoutLine: {'line': b'-- Up-to-date: /ros_ws/install/realsense2_camera_msgs/include/realsense2_camera_msgs/realsense2_camera_msgs/action\n'}
[0.354123] (realsense2_camera_msgs) StdoutLine: {'line': b'-- Up-to-date: /ros_ws/install/realsense2_camera_msgs/include/realsense2_camera_msgs/realsense2_camera_msgs/action/detail\n'}
[0.354172] (realsense2_camera_msgs) StdoutLine: {'line': b'-- Up-to-date: /ros_ws/install/realsense2_camera_msgs/include/realsense2_camera_msgs/realsense2_camera_msgs/action/detail/triggered_calibration__functions.h\n'}
[0.354222] (realsense2_camera_msgs) StdoutLine: {'line': b'-- Up-to-date: /ros_ws/install/realsense2_camera_msgs/include/realsense2_camera_msgs/realsense2_camera_msgs/action/detail/triggered_calibration__functions.c\n'}
[0.354271] (realsense2_camera_msgs) StdoutLine: {'line': b'-- Up-to-date: /ros_ws/install/realsense2_camera_msgs/include/realsense2_camera_msgs/realsense2_camera_msgs/action/detail/triggered_calibration__struct.h\n'}
[0.354320] (realsense2_camera_msgs) StdoutLine: {'line': b'-- Up-to-date: /ros_ws/install/realsense2_camera_msgs/include/realsense2_camera_msgs/realsense2_camera_msgs/action/detail/triggered_calibration__type_support.h\n'}
[0.354368] (realsense2_camera_msgs) StdoutLine: {'line': b'-- Up-to-date: /ros_ws/install/realsense2_camera_msgs/include/realsense2_camera_msgs/realsense2_camera_msgs/action/triggered_calibration.h\n'}
[0.354430] (realsense2_camera_msgs) StdoutLine: {'line': b'-- Up-to-date: /ros_ws/install/realsense2_camera_msgs/share/realsense2_camera_msgs/environment/library_path.sh\n'}
[0.354608] (realsense2_camera_msgs) StdoutLine: {'line': b'-- Up-to-date: /ros_ws/install/realsense2_camera_msgs/share/realsense2_camera_msgs/environment/library_path.dsv\n'}
[0.354667] (realsense2_camera_msgs) StdoutLine: {'line': b'-- Up-to-date: /ros_ws/install/realsense2_camera_msgs/lib/librealsense2_camera_msgs__rosidl_generator_c.so\n'}
[0.354718] (realsense2_camera_msgs) StdoutLine: {'line': b'-- Up-to-date: /ros_ws/install/realsense2_camera_msgs/include/realsense2_camera_msgs/realsense2_camera_msgs\n'}
[0.354767] (realsense2_camera_msgs) StdoutLine: {'line': b'-- Up-to-date: /ros_ws/install/realsense2_camera_msgs/include/realsense2_camera_msgs/realsense2_camera_msgs/msg\n'}
[0.354815] (realsense2_camera_msgs) StdoutLine: {'line': b'-- Up-to-date: /ros_ws/install/realsense2_camera_msgs/include/realsense2_camera_msgs/realsense2_camera_msgs/msg/rosidl_typesupport_fastrtps_c__visibility_control.h\n'}
[0.354870] (realsense2_camera_msgs) StdoutLine: {'line': b'-- Up-to-date: /ros_ws/install/realsense2_camera_msgs/include/realsense2_camera_msgs/realsense2_camera_msgs/msg/detail\n'}
[0.354921] (realsense2_camera_msgs) StdoutLine: {'line': b'-- Up-to-date: /ros_ws/install/realsense2_camera_msgs/include/realsense2_camera_msgs/realsense2_camera_msgs/msg/detail/metadata__rosidl_typesupport_fastrtps_c.h\n'}
[0.354972] (realsense2_camera_msgs) StdoutLine: {'line': b'-- Up-to-date: /ros_ws/install/realsense2_camera_msgs/include/realsense2_camera_msgs/realsense2_camera_msgs/msg/detail/rgbd__rosidl_typesupport_fastrtps_c.h\n'}
[0.355069] (realsense2_camera_msgs) StdoutLine: {'line': b'-- Up-to-date: /ros_ws/install/realsense2_camera_msgs/include/realsense2_camera_msgs/realsense2_camera_msgs/msg/detail/imu_info__rosidl_typesupport_fastrtps_c.h\n'}
[0.355174] (realsense2_camera_msgs) StdoutLine: {'line': b'-- Up-to-date: /ros_ws/install/realsense2_camera_msgs/include/realsense2_camera_msgs/realsense2_camera_msgs/msg/detail/extrinsics__rosidl_typesupport_fastrtps_c.h\n'}
[0.355230] (realsense2_camera_msgs) StdoutLine: {'line': b'-- Up-to-date: /ros_ws/install/realsense2_camera_msgs/include/realsense2_camera_msgs/realsense2_camera_msgs/srv\n'}
[0.355279] (realsense2_camera_msgs) StdoutLine: {'line': b'-- Up-to-date: /ros_ws/install/realsense2_camera_msgs/include/realsense2_camera_msgs/realsense2_camera_msgs/srv/detail\n'}
[0.355332] (realsense2_camera_msgs) StdoutLine: {'line': b'-- Up-to-date: /ros_ws/install/realsense2_camera_msgs/include/realsense2_camera_msgs/realsense2_camera_msgs/srv/detail/calib_config_read__rosidl_typesupport_fastrtps_c.h\n'}
[0.355382] (realsense2_camera_msgs) StdoutLine: {'line': b'-- Up-to-date: /ros_ws/install/realsense2_camera_msgs/include/realsense2_camera_msgs/realsense2_camera_msgs/srv/detail/device_info__rosidl_typesupport_fastrtps_c.h\n'}
[0.355431] (realsense2_camera_msgs) StdoutLine: {'line': b'-- Up-to-date: /ros_ws/install/realsense2_camera_msgs/include/realsense2_camera_msgs/realsense2_camera_msgs/srv/detail/calib_config_write__rosidl_typesupport_fastrtps_c.h\n'}
[0.355495] (realsense2_camera_msgs) StdoutLine: {'line': b'-- Up-to-date: /ros_ws/install/realsense2_camera_msgs/include/realsense2_camera_msgs/realsense2_camera_msgs/action\n'}
[0.355546] (realsense2_camera_msgs) StdoutLine: {'line': b'-- Up-to-date: /ros_ws/install/realsense2_camera_msgs/include/realsense2_camera_msgs/realsense2_camera_msgs/action/detail\n'}
[0.355596] (realsense2_camera_msgs) StdoutLine: {'line': b'-- Up-to-date: /ros_ws/install/realsense2_camera_msgs/include/realsense2_camera_msgs/realsense2_camera_msgs/action/detail/triggered_calibration__rosidl_typesupport_fastrtps_c.h\n'}
[0.355646] (realsense2_camera_msgs) StdoutLine: {'line': b'-- Up-to-date: /ros_ws/install/realsense2_camera_msgs/lib/librealsense2_camera_msgs__rosidl_typesupport_fastrtps_c.so\n'}
[0.355769] (realsense2_camera_msgs) StdoutLine: {'line': b'-- Up-to-date: /ros_ws/install/realsense2_camera_msgs/include/realsense2_camera_msgs/realsense2_camera_msgs\n'}
[0.355843] (realsense2_camera_msgs) StdoutLine: {'line': b'-- Up-to-date: /ros_ws/install/realsense2_camera_msgs/include/realsense2_camera_msgs/realsense2_camera_msgs/msg\n'}
[0.355925] (realsense2_camera_msgs) StdoutLine: {'line': b'-- Up-to-date: /ros_ws/install/realsense2_camera_msgs/include/realsense2_camera_msgs/realsense2_camera_msgs/msg/detail\n'}
[0.355973] (realsense2_camera_msgs) StdoutLine: {'line': b'-- Up-to-date: /ros_ws/install/realsense2_camera_msgs/include/realsense2_camera_msgs/realsense2_camera_msgs/msg/detail/imu_info__rosidl_typesupport_introspection_c.h\n'}
[0.356061] (realsense2_camera_msgs) StdoutLine: {'line': b'-- Up-to-date: /ros_ws/install/realsense2_camera_msgs/include/realsense2_camera_msgs/realsense2_camera_msgs/msg/detail/metadata__type_support.c\n'}
[0.356112] (realsense2_camera_msgs) StdoutLine: {'line': b'-- Up-to-date: /ros_ws/install/realsense2_camera_msgs/include/realsense2_camera_msgs/realsense2_camera_msgs/msg/detail/metadata__rosidl_typesupport_introspection_c.h\n'}
[0.356162] (realsense2_camera_msgs) StdoutLine: {'line': b'-- Up-to-date: /ros_ws/install/realsense2_camera_msgs/include/realsense2_camera_msgs/realsense2_camera_msgs/msg/detail/extrinsics__rosidl_typesupport_introspection_c.h\n'}
[0.356217] (realsense2_camera_msgs) StdoutLine: {'line': b'-- Up-to-date: /ros_ws/install/realsense2_camera_msgs/include/realsense2_camera_msgs/realsense2_camera_msgs/msg/detail/rgbd__rosidl_typesupport_introspection_c.h\n'}
[0.356266] (realsense2_camera_msgs) StdoutLine: {'line': b'-- Up-to-date: /ros_ws/install/realsense2_camera_msgs/include/realsense2_camera_msgs/realsense2_camera_msgs/msg/detail/extrinsics__type_support.c\n'}
[0.356331] (realsense2_camera_msgs) StdoutLine: {'line': b'-- Up-to-date: /ros_ws/install/realsense2_camera_msgs/include/realsense2_camera_msgs/realsense2_camera_msgs/msg/detail/imu_info__type_support.c\n'}
[0.356383] (realsense2_camera_msgs) StdoutLine: {'line': b'-- Up-to-date: /ros_ws/install/realsense2_camera_msgs/include/realsense2_camera_msgs/realsense2_camera_msgs/msg/detail/rgbd__type_support.c\n'}
[0.356431] (realsense2_camera_msgs) StdoutLine: {'line': b'-- Up-to-date: /ros_ws/install/realsense2_camera_msgs/include/realsense2_camera_msgs/realsense2_camera_msgs/msg/rosidl_typesupport_introspection_c__visibility_control.h\n'}
[0.356507] (realsense2_camera_msgs) StdoutLine: {'line': b'-- Up-to-date: /ros_ws/install/realsense2_camera_msgs/include/realsense2_camera_msgs/realsense2_camera_msgs/srv\n'}
[0.356557] (realsense2_camera_msgs) StdoutLine: {'line': b'-- Up-to-date: /ros_ws/install/realsense2_camera_msgs/include/realsense2_camera_msgs/realsense2_camera_msgs/srv/detail\n'}
[0.356605] (realsense2_camera_msgs) StdoutLine: {'line': b'-- Up-to-date: /ros_ws/install/realsense2_camera_msgs/include/realsense2_camera_msgs/realsense2_camera_msgs/srv/detail/device_info__type_support.c\n'}
[0.356655] (realsense2_camera_msgs) StdoutLine: {'line': b'-- Up-to-date: /ros_ws/install/realsense2_camera_msgs/include/realsense2_camera_msgs/realsense2_camera_msgs/srv/detail/calib_config_read__rosidl_typesupport_introspection_c.h\n'}
[0.356705] (realsense2_camera_msgs) StdoutLine: {'line': b'-- Up-to-date: /ros_ws/install/realsense2_camera_msgs/include/realsense2_camera_msgs/realsense2_camera_msgs/srv/detail/calib_config_write__rosidl_typesupport_introspection_c.h\n'}
[0.356781] (realsense2_camera_msgs) StdoutLine: {'line': b'-- Up-to-date: /ros_ws/install/realsense2_camera_msgs/include/realsense2_camera_msgs/realsense2_camera_msgs/srv/detail/calib_config_read__type_support.c\n'}
[0.356829] (realsense2_camera_msgs) StdoutLine: {'line': b'-- Up-to-date: /ros_ws/install/realsense2_camera_msgs/include/realsense2_camera_msgs/realsense2_camera_msgs/srv/detail/calib_config_write__type_support.c\n'}
[0.356886] (realsense2_camera_msgs) StdoutLine: {'line': b'-- Up-to-date: /ros_ws/install/realsense2_camera_msgs/include/realsense2_camera_msgs/realsense2_camera_msgs/srv/detail/device_info__rosidl_typesupport_introspection_c.h\n'}
[0.356936] (realsense2_camera_msgs) StdoutLine: {'line': b'-- Up-to-date: /ros_ws/install/realsense2_camera_msgs/include/realsense2_camera_msgs/realsense2_camera_msgs/action\n'}
[0.357007] (realsense2_camera_msgs) StdoutLine: {'line': b'-- Up-to-date: /ros_ws/install/realsense2_camera_msgs/include/realsense2_camera_msgs/realsense2_camera_msgs/action/detail\n'}
[0.357084] (realsense2_camera_msgs) StdoutLine: {'line': b'-- Up-to-date: /ros_ws/install/realsense2_camera_msgs/include/realsense2_camera_msgs/realsense2_camera_msgs/action/detail/triggered_calibration__rosidl_typesupport_introspection_c.h\n'}
[0.357135] (realsense2_camera_msgs) StdoutLine: {'line': b'-- Up-to-date: /ros_ws/install/realsense2_camera_msgs/include/realsense2_camera_msgs/realsense2_camera_msgs/action/detail/triggered_calibration__type_support.c\n'}
[0.357184] (realsense2_camera_msgs) StdoutLine: {'line': b'-- Up-to-date: /ros_ws/install/realsense2_camera_msgs/lib/librealsense2_camera_msgs__rosidl_typesupport_introspection_c.so\n'}
[0.357233] (realsense2_camera_msgs) StdoutLine: {'line': b'-- Up-to-date: /ros_ws/install/realsense2_camera_msgs/lib/librealsense2_camera_msgs__rosidl_typesupport_c.so\n'}
[0.357283] (realsense2_camera_msgs) StdoutLine: {'line': b'-- Up-to-date: /ros_ws/install/realsense2_camera_msgs/include/realsense2_camera_msgs/realsense2_camera_msgs\n'}
[0.357336] (realsense2_camera_msgs) StdoutLine: {'line': b'-- Up-to-date: /ros_ws/install/realsense2_camera_msgs/include/realsense2_camera_msgs/realsense2_camera_msgs/msg\n'}
[0.357423] (realsense2_camera_msgs) StdoutLine: {'line': b'-- Up-to-date: /ros_ws/install/realsense2_camera_msgs/include/realsense2_camera_msgs/realsense2_camera_msgs/msg/rgbd.hpp\n'}
[0.357594] (realsense2_camera_msgs) StdoutLine: {'line': b'-- Up-to-date: /ros_ws/install/realsense2_camera_msgs/include/realsense2_camera_msgs/realsense2_camera_msgs/msg/rosidl_generator_cpp__visibility_control.hpp\n'}
[0.357679] (realsense2_camera_msgs) StdoutLine: {'line': b'-- Up-to-date: /ros_ws/install/realsense2_camera_msgs/include/realsense2_camera_msgs/realsense2_camera_msgs/msg/imu_info.hpp\n'}
[0.357769] (realsense2_camera_msgs) StdoutLine: {'line': b'-- Up-to-date: /ros_ws/install/realsense2_camera_msgs/include/realsense2_camera_msgs/realsense2_camera_msgs/msg/detail\n'}
[0.357825] (realsense2_camera_msgs) StdoutLine: {'line': b'-- Up-to-date: /ros_ws/install/realsense2_camera_msgs/include/realsense2_camera_msgs/realsense2_camera_msgs/msg/detail/extrinsics__type_support.hpp\n'}
[0.357872] (realsense2_camera_msgs) StdoutLine: {'line': b'-- Up-to-date: /ros_ws/install/realsense2_camera_msgs/include/realsense2_camera_msgs/realsense2_camera_msgs/msg/detail/metadata__type_support.hpp\n'}
[0.357918] (realsense2_camera_msgs) StdoutLine: {'line': b'-- Up-to-date: /ros_ws/install/realsense2_camera_msgs/include/realsense2_camera_msgs/realsense2_camera_msgs/msg/detail/rgbd__struct.hpp\n'}
[0.357964] (realsense2_camera_msgs) StdoutLine: {'line': b'-- Up-to-date: /ros_ws/install/realsense2_camera_msgs/include/realsense2_camera_msgs/realsense2_camera_msgs/msg/detail/extrinsics__struct.hpp\n'}
[0.358026] (realsense2_camera_msgs) StdoutLine: {'line': b'-- Up-to-date: /ros_ws/install/realsense2_camera_msgs/include/realsense2_camera_msgs/realsense2_camera_msgs/msg/detail/rgbd__type_support.hpp\n'}
[0.358073] (realsense2_camera_msgs) StdoutLine: {'line': b'-- Up-to-date: /ros_ws/install/realsense2_camera_msgs/include/realsense2_camera_msgs/realsense2_camera_msgs/msg/detail/extrinsics__traits.hpp\n'}
[0.358118] (realsense2_camera_msgs) StdoutLine: {'line': b'-- Up-to-date: /ros_ws/install/realsense2_camera_msgs/include/realsense2_camera_msgs/realsense2_camera_msgs/msg/detail/imu_info__builder.hpp\n'}
[0.358163] (realsense2_camera_msgs) StdoutLine: {'line': b'-- Up-to-date: /ros_ws/install/realsense2_camera_msgs/include/realsense2_camera_msgs/realsense2_camera_msgs/msg/detail/imu_info__type_support.hpp\n'}
[0.358208] (realsense2_camera_msgs) StdoutLine: {'line': b'-- Up-to-date: /ros_ws/install/realsense2_camera_msgs/include/realsense2_camera_msgs/realsense2_camera_msgs/msg/detail/imu_info__struct.hpp\n'}
[0.358251] (realsense2_camera_msgs) StdoutLine: {'line': b'-- Up-to-date: /ros_ws/install/realsense2_camera_msgs/include/realsense2_camera_msgs/realsense2_camera_msgs/msg/detail/extrinsics__builder.hpp\n'}
[0.358306] (realsense2_camera_msgs) StdoutLine: {'line': b'-- Up-to-date: /ros_ws/install/realsense2_camera_msgs/include/realsense2_camera_msgs/realsense2_camera_msgs/msg/detail/metadata__builder.hpp\n'}
[0.358351] (realsense2_camera_msgs) StdoutLine: {'line': b'-- Up-to-date: /ros_ws/install/realsense2_camera_msgs/include/realsense2_camera_msgs/realsense2_camera_msgs/msg/detail/imu_info__traits.hpp\n'}
[0.358397] (realsense2_camera_msgs) StdoutLine: {'line': b'-- Up-to-date: /ros_ws/install/realsense2_camera_msgs/include/realsense2_camera_msgs/realsense2_camera_msgs/msg/detail/rgbd__builder.hpp\n'}
[0.358444] (realsense2_camera_msgs) StdoutLine: {'line': b'-- Up-to-date: /ros_ws/install/realsense2_camera_msgs/include/realsense2_camera_msgs/realsense2_camera_msgs/msg/detail/metadata__struct.hpp\n'}
[0.358487] (realsense2_camera_msgs) StdoutLine: {'line': b'-- Up-to-date: /ros_ws/install/realsense2_camera_msgs/include/realsense2_camera_msgs/realsense2_camera_msgs/msg/detail/rgbd__traits.hpp\n'}
[0.358531] (realsense2_camera_msgs) StdoutLine: {'line': b'-- Up-to-date: /ros_ws/install/realsense2_camera_msgs/include/realsense2_camera_msgs/realsense2_camera_msgs/msg/detail/metadata__traits.hpp\n'}
[0.358575] (realsense2_camera_msgs) StdoutLine: {'line': b'-- Up-to-date: /ros_ws/install/realsense2_camera_msgs/include/realsense2_camera_msgs/realsense2_camera_msgs/msg/metadata.hpp\n'}
[0.358618] (realsense2_camera_msgs) StdoutLine: {'line': b'-- Up-to-date: /ros_ws/install/realsense2_camera_msgs/include/realsense2_camera_msgs/realsense2_camera_msgs/msg/extrinsics.hpp\n'}
[0.358662] (realsense2_camera_msgs) StdoutLine: {'line': b'-- Up-to-date: /ros_ws/install/realsense2_camera_msgs/include/realsense2_camera_msgs/realsense2_camera_msgs/srv\n'}
[0.358706] (realsense2_camera_msgs) StdoutLine: {'line': b'-- Up-to-date: /ros_ws/install/realsense2_camera_msgs/include/realsense2_camera_msgs/realsense2_camera_msgs/srv/calib_config_write.hpp\n'}
[0.358749] (realsense2_camera_msgs) StdoutLine: {'line': b'-- Up-to-date: /ros_ws/install/realsense2_camera_msgs/include/realsense2_camera_msgs/realsense2_camera_msgs/srv/detail\n'}
[0.358792] (realsense2_camera_msgs) StdoutLine: {'line': b'-- Up-to-date: /ros_ws/install/realsense2_camera_msgs/include/realsense2_camera_msgs/realsense2_camera_msgs/srv/detail/calib_config_read__builder.hpp\n'}
[0.358835] (realsense2_camera_msgs) StdoutLine: {'line': b'-- Up-to-date: /ros_ws/install/realsense2_camera_msgs/include/realsense2_camera_msgs/realsense2_camera_msgs/srv/detail/calib_config_read__type_support.hpp\n'}
[0.358879] (realsense2_camera_msgs) StdoutLine: {'line': b'-- Up-to-date: /ros_ws/install/realsense2_camera_msgs/include/realsense2_camera_msgs/realsense2_camera_msgs/srv/detail/calib_config_write__struct.hpp\n'}
[0.358922] (realsense2_camera_msgs) StdoutLine: {'line': b'-- Up-to-date: /ros_ws/install/realsense2_camera_msgs/include/realsense2_camera_msgs/realsense2_camera_msgs/srv/detail/device_info__builder.hpp\n'}
[0.358965] (realsense2_camera_msgs) StdoutLine: {'line': b'-- Up-to-date: /ros_ws/install/realsense2_camera_msgs/include/realsense2_camera_msgs/realsense2_camera_msgs/srv/detail/calib_config_read__struct.hpp\n'}
[0.359020] (realsense2_camera_msgs) StdoutLine: {'line': b'-- Up-to-date: /ros_ws/install/realsense2_camera_msgs/include/realsense2_camera_msgs/realsense2_camera_msgs/srv/detail/calib_config_read__traits.hpp\n'}
[0.359074] (realsense2_camera_msgs) StdoutLine: {'line': b'-- Up-to-date: /ros_ws/install/realsense2_camera_msgs/include/realsense2_camera_msgs/realsense2_camera_msgs/srv/detail/device_info__struct.hpp\n'}
[0.359122] (realsense2_camera_msgs) StdoutLine: {'line': b'-- Up-to-date: /ros_ws/install/realsense2_camera_msgs/include/realsense2_camera_msgs/realsense2_camera_msgs/srv/detail/device_info__type_support.hpp\n'}
[0.359165] (realsense2_camera_msgs) StdoutLine: {'line': b'-- Up-to-date: /ros_ws/install/realsense2_camera_msgs/include/realsense2_camera_msgs/realsense2_camera_msgs/srv/detail/calib_config_write__traits.hpp\n'}
[0.359213] (realsense2_camera_msgs) StdoutLine: {'line': b'-- Up-to-date: /ros_ws/install/realsense2_camera_msgs/include/realsense2_camera_msgs/realsense2_camera_msgs/srv/detail/device_info__traits.hpp\n'}
[0.359257] (realsense2_camera_msgs) StdoutLine: {'line': b'-- Up-to-date: /ros_ws/install/realsense2_camera_msgs/include/realsense2_camera_msgs/realsense2_camera_msgs/srv/detail/calib_config_write__builder.hpp\n'}
[0.359301] (realsense2_camera_msgs) StdoutLine: {'line': b'-- Up-to-date: /ros_ws/install/realsense2_camera_msgs/include/realsense2_camera_msgs/realsense2_camera_msgs/srv/detail/calib_config_write__type_support.hpp\n'}
[0.359344] (realsense2_camera_msgs) StdoutLine: {'line': b'-- Up-to-date: /ros_ws/install/realsense2_camera_msgs/include/realsense2_camera_msgs/realsense2_camera_msgs/srv/device_info.hpp\n'}
[0.359390] (realsense2_camera_msgs) StdoutLine: {'line': b'-- Up-to-date: /ros_ws/install/realsense2_camera_msgs/include/realsense2_camera_msgs/realsense2_camera_msgs/srv/calib_config_read.hpp\n'}
[0.359456] (realsense2_camera_msgs) StdoutLine: {'line': b'-- Up-to-date: /ros_ws/install/realsense2_camera_msgs/include/realsense2_camera_msgs/realsense2_camera_msgs/action\n'}
[0.359535] (realsense2_camera_msgs) StdoutLine: {'line': b'-- Up-to-date: /ros_ws/install/realsense2_camera_msgs/include/realsense2_camera_msgs/realsense2_camera_msgs/action/triggered_calibration.hpp\n'}
[0.359606] (realsense2_camera_msgs) StdoutLine: {'line': b'-- Up-to-date: /ros_ws/install/realsense2_camera_msgs/include/realsense2_camera_msgs/realsense2_camera_msgs/action/detail\n'}
[0.359650] (realsense2_camera_msgs) StdoutLine: {'line': b'-- Up-to-date: /ros_ws/install/realsense2_camera_msgs/include/realsense2_camera_msgs/realsense2_camera_msgs/action/detail/triggered_calibration__builder.hpp\n'}
[0.359694] (realsense2_camera_msgs) StdoutLine: {'line': b'-- Up-to-date: /ros_ws/install/realsense2_camera_msgs/include/realsense2_camera_msgs/realsense2_camera_msgs/action/detail/triggered_calibration__traits.hpp\n'}
[0.359746] (realsense2_camera_msgs) StdoutLine: {'line': b'-- Up-to-date: /ros_ws/install/realsense2_camera_msgs/include/realsense2_camera_msgs/realsense2_camera_msgs/action/detail/triggered_calibration__struct.hpp\n'}
[0.359793] (realsense2_camera_msgs) StdoutLine: {'line': b'-- Up-to-date: /ros_ws/install/realsense2_camera_msgs/include/realsense2_camera_msgs/realsense2_camera_msgs/action/detail/triggered_calibration__type_support.hpp\n'}
[0.359837] (realsense2_camera_msgs) StdoutLine: {'line': b'-- Up-to-date: /ros_ws/install/realsense2_camera_msgs/include/realsense2_camera_msgs/realsense2_camera_msgs\n'}
[0.359881] (realsense2_camera_msgs) StdoutLine: {'line': b'-- Up-to-date: /ros_ws/install/realsense2_camera_msgs/include/realsense2_camera_msgs/realsense2_camera_msgs/msg\n'}
[0.359938] (realsense2_camera_msgs) StdoutLine: {'line': b'-- Up-to-date: /ros_ws/install/realsense2_camera_msgs/include/realsense2_camera_msgs/realsense2_camera_msgs/msg/detail\n'}
[0.359995] (realsense2_camera_msgs) StdoutLine: {'line': b'-- Up-to-date: /ros_ws/install/realsense2_camera_msgs/include/realsense2_camera_msgs/realsense2_camera_msgs/msg/detail/metadata__rosidl_typesupport_fastrtps_cpp.hpp\n'}
[0.360078] (realsense2_camera_msgs) StdoutLine: {'line': b'-- Up-to-date: /ros_ws/install/realsense2_camera_msgs/include/realsense2_camera_msgs/realsense2_camera_msgs/msg/detail/imu_info__rosidl_typesupport_fastrtps_cpp.hpp\n'}
[0.360128] (realsense2_camera_msgs) StdoutLine: {'line': b'-- Up-to-date: /ros_ws/install/realsense2_camera_msgs/include/realsense2_camera_msgs/realsense2_camera_msgs/msg/detail/dds_fastrtps\n'}
[0.360174] (realsense2_camera_msgs) StdoutLine: {'line': b'-- Up-to-date: /ros_ws/install/realsense2_camera_msgs/include/realsense2_camera_msgs/realsense2_camera_msgs/msg/detail/rgbd__rosidl_typesupport_fastrtps_cpp.hpp\n'}
[0.360220] (realsense2_camera_msgs) StdoutLine: {'line': b'-- Up-to-date: /ros_ws/install/realsense2_camera_msgs/include/realsense2_camera_msgs/realsense2_camera_msgs/msg/detail/extrinsics__rosidl_typesupport_fastrtps_cpp.hpp\n'}
[0.360272] (realsense2_camera_msgs) StdoutLine: {'line': b'-- Up-to-date: /ros_ws/install/realsense2_camera_msgs/include/realsense2_camera_msgs/realsense2_camera_msgs/msg/rosidl_typesupport_fastrtps_cpp__visibility_control.h\n'}
[0.360322] (realsense2_camera_msgs) StdoutLine: {'line': b'-- Up-to-date: /ros_ws/install/realsense2_camera_msgs/include/realsense2_camera_msgs/realsense2_camera_msgs/srv\n'}
[0.360366] (realsense2_camera_msgs) StdoutLine: {'line': b'-- Up-to-date: /ros_ws/install/realsense2_camera_msgs/include/realsense2_camera_msgs/realsense2_camera_msgs/srv/detail\n'}
[0.360410] (realsense2_camera_msgs) StdoutLine: {'line': b'-- Up-to-date: /ros_ws/install/realsense2_camera_msgs/include/realsense2_camera_msgs/realsense2_camera_msgs/srv/detail/device_info__rosidl_typesupport_fastrtps_cpp.hpp\n'}
[0.360455] (realsense2_camera_msgs) StdoutLine: {'line': b'-- Up-to-date: /ros_ws/install/realsense2_camera_msgs/include/realsense2_camera_msgs/realsense2_camera_msgs/srv/detail/calib_config_read__rosidl_typesupport_fastrtps_cpp.hpp\n'}
[0.360507] (realsense2_camera_msgs) StdoutLine: {'line': b'-- Up-to-date: /ros_ws/install/realsense2_camera_msgs/include/realsense2_camera_msgs/realsense2_camera_msgs/srv/detail/dds_fastrtps\n'}
[0.360552] (realsense2_camera_msgs) StdoutLine: {'line': b'-- Up-to-date: /ros_ws/install/realsense2_camera_msgs/include/realsense2_camera_msgs/realsense2_camera_msgs/srv/detail/calib_config_write__rosidl_typesupport_fastrtps_cpp.hpp\n'}
[0.360596] (realsense2_camera_msgs) StdoutLine: {'line': b'-- Up-to-date: /ros_ws/install/realsense2_camera_msgs/include/realsense2_camera_msgs/realsense2_camera_msgs/action\n'}
[0.360640] (realsense2_camera_msgs) StdoutLine: {'line': b'-- Up-to-date: /ros_ws/install/realsense2_camera_msgs/include/realsense2_camera_msgs/realsense2_camera_msgs/action/detail\n'}
[0.360684] (realsense2_camera_msgs) StdoutLine: {'line': b'-- Up-to-date: /ros_ws/install/realsense2_camera_msgs/include/realsense2_camera_msgs/realsense2_camera_msgs/action/detail/dds_fastrtps\n'}
[0.360734] (realsense2_camera_msgs) StdoutLine: {'line': b'-- Up-to-date: /ros_ws/install/realsense2_camera_msgs/include/realsense2_camera_msgs/realsense2_camera_msgs/action/detail/triggered_calibration__rosidl_typesupport_fastrtps_cpp.hpp\n'}
[0.360778] (realsense2_camera_msgs) StdoutLine: {'line': b'-- Up-to-date: /ros_ws/install/realsense2_camera_msgs/lib/librealsense2_camera_msgs__rosidl_typesupport_fastrtps_cpp.so\n'}
[0.360822] (realsense2_camera_msgs) StdoutLine: {'line': b'-- Up-to-date: /ros_ws/install/realsense2_camera_msgs/include/realsense2_camera_msgs/realsense2_camera_msgs\n'}
[0.360865] (realsense2_camera_msgs) StdoutLine: {'line': b'-- Up-to-date: /ros_ws/install/realsense2_camera_msgs/include/realsense2_camera_msgs/realsense2_camera_msgs/msg\n'}
[0.360909] (realsense2_camera_msgs) StdoutLine: {'line': b'-- Up-to-date: /ros_ws/install/realsense2_camera_msgs/include/realsense2_camera_msgs/realsense2_camera_msgs/msg/detail\n'}
[0.360959] (realsense2_camera_msgs) StdoutLine: {'line': b'-- Up-to-date: /ros_ws/install/realsense2_camera_msgs/include/realsense2_camera_msgs/realsense2_camera_msgs/msg/detail/imu_info__rosidl_typesupport_introspection_cpp.hpp\n'}
[0.361024] (realsense2_camera_msgs) StdoutLine: {'line': b'-- Up-to-date: /ros_ws/install/realsense2_camera_msgs/include/realsense2_camera_msgs/realsense2_camera_msgs/msg/detail/metadata__rosidl_typesupport_introspection_cpp.hpp\n'}
[0.361078] (realsense2_camera_msgs) StdoutLine: {'line': b'-- Up-to-date: /ros_ws/install/realsense2_camera_msgs/include/realsense2_camera_msgs/realsense2_camera_msgs/msg/detail/extrinsics__rosidl_typesupport_introspection_cpp.hpp\n'}
[0.361125] (realsense2_camera_msgs) StdoutLine: {'line': b'-- Up-to-date: /ros_ws/install/realsense2_camera_msgs/include/realsense2_camera_msgs/realsense2_camera_msgs/msg/detail/extrinsics__type_support.cpp\n'}
[0.361195] (realsense2_camera_msgs) StdoutLine: {'line': b'-- Up-to-date: /ros_ws/install/realsense2_camera_msgs/include/realsense2_camera_msgs/realsense2_camera_msgs/msg/detail/imu_info__type_support.cpp\n'}
[0.361249] (realsense2_camera_msgs) StdoutLine: {'line': b'-- Up-to-date: /ros_ws/install/realsense2_camera_msgs/include/realsense2_camera_msgs/realsense2_camera_msgs/msg/detail/metadata__type_support.cpp\n'}
[0.361293] (realsense2_camera_msgs) StdoutLine: {'line': b'-- Up-to-date: /ros_ws/install/realsense2_camera_msgs/include/realsense2_camera_msgs/realsense2_camera_msgs/msg/detail/rgbd__rosidl_typesupport_introspection_cpp.hpp\n'}
[0.361357] (realsense2_camera_msgs) StdoutLine: {'line': b'-- Up-to-date: /ros_ws/install/realsense2_camera_msgs/include/realsense2_camera_msgs/realsense2_camera_msgs/msg/detail/rgbd__type_support.cpp\n'}
[0.361433] (realsense2_camera_msgs) StdoutLine: {'line': b'-- Up-to-date: /ros_ws/install/realsense2_camera_msgs/include/realsense2_camera_msgs/realsense2_camera_msgs/srv\n'}
[0.361487] (realsense2_camera_msgs) StdoutLine: {'line': b'-- Up-to-date: /ros_ws/install/realsense2_camera_msgs/include/realsense2_camera_msgs/realsense2_camera_msgs/srv/detail\n'}
[0.361538] (realsense2_camera_msgs) StdoutLine: {'line': b'-- Up-to-date: /ros_ws/install/realsense2_camera_msgs/include/realsense2_camera_msgs/realsense2_camera_msgs/srv/detail/device_info__type_support.cpp\n'}
[0.361601] (realsense2_camera_msgs) StdoutLine: {'line': b'-- Up-to-date: /ros_ws/install/realsense2_camera_msgs/include/realsense2_camera_msgs/realsense2_camera_msgs/srv/detail/calib_config_read__type_support.cpp\n'}
[0.361649] (realsense2_camera_msgs) StdoutLine: {'line': b'-- Up-to-date: /ros_ws/install/realsense2_camera_msgs/include/realsense2_camera_msgs/realsense2_camera_msgs/srv/detail/calib_config_write__type_support.cpp\n'}
[0.361700] (realsense2_camera_msgs) StdoutLine: {'line': b'-- Up-to-date: /ros_ws/install/realsense2_camera_msgs/include/realsense2_camera_msgs/realsense2_camera_msgs/srv/detail/device_info__rosidl_typesupport_introspection_cpp.hpp\n'}
[0.361749] (realsense2_camera_msgs) StdoutLine: {'line': b'-- Up-to-date: /ros_ws/install/realsense2_camera_msgs/include/realsense2_camera_msgs/realsense2_camera_msgs/srv/detail/calib_config_read__rosidl_typesupport_introspection_cpp.hpp\n'}
[0.361800] (realsense2_camera_msgs) StdoutLine: {'line': b'-- Up-to-date: /ros_ws/install/realsense2_camera_msgs/include/realsense2_camera_msgs/realsense2_camera_msgs/srv/detail/calib_config_write__rosidl_typesupport_introspection_cpp.hpp\n'}
[0.361847] (realsense2_camera_msgs) StdoutLine: {'line': b'-- Up-to-date: /ros_ws/install/realsense2_camera_msgs/include/realsense2_camera_msgs/realsense2_camera_msgs/action\n'}
[0.361893] (realsense2_camera_msgs) StdoutLine: {'line': b'-- Up-to-date: /ros_ws/install/realsense2_camera_msgs/include/realsense2_camera_msgs/realsense2_camera_msgs/action/detail\n'}
[0.361941] (realsense2_camera_msgs) StdoutLine: {'line': b'-- Up-to-date: /ros_ws/install/realsense2_camera_msgs/include/realsense2_camera_msgs/realsense2_camera_msgs/action/detail/triggered_calibration__type_support.cpp\n'}
[0.362064] (realsense2_camera_msgs) StdoutLine: {'line': b'-- Up-to-date: /ros_ws/install/realsense2_camera_msgs/include/realsense2_camera_msgs/realsense2_camera_msgs/action/detail/triggered_calibration__rosidl_typesupport_introspection_cpp.hpp\n'}
[0.362149] (realsense2_camera_msgs) StdoutLine: {'line': b'-- Up-to-date: /ros_ws/install/realsense2_camera_msgs/lib/librealsense2_camera_msgs__rosidl_typesupport_introspection_cpp.so\n'}
[0.362220] (realsense2_camera_msgs) StdoutLine: {'line': b'-- Up-to-date: /ros_ws/install/realsense2_camera_msgs/lib/librealsense2_camera_msgs__rosidl_typesupport_cpp.so\n'}
[0.362295] (realsense2_camera_msgs) StdoutLine: {'line': b'-- Up-to-date: /ros_ws/install/realsense2_camera_msgs/share/realsense2_camera_msgs/environment/pythonpath.sh\n'}
[0.362358] (realsense2_camera_msgs) StdoutLine: {'line': b'-- Up-to-date: /ros_ws/install/realsense2_camera_msgs/share/realsense2_camera_msgs/environment/pythonpath.dsv\n'}
[0.362418] (realsense2_camera_msgs) StdoutLine: {'line': b'-- Up-to-date: /ros_ws/install/realsense2_camera_msgs/local/lib/python3.10/dist-packages/realsense2_camera_msgs-4.56.4-py3.10.egg-info\n'}
[0.362481] (realsense2_camera_msgs) StdoutLine: {'line': b'-- Installing: /ros_ws/install/realsense2_camera_msgs/local/lib/python3.10/dist-packages/realsense2_camera_msgs-4.56.4-py3.10.egg-info/dependency_links.txt\n'}
[0.362526] (realsense2_camera_msgs) StdoutLine: {'line': b'-- Installing: /ros_ws/install/realsense2_camera_msgs/local/lib/python3.10/dist-packages/realsense2_camera_msgs-4.56.4-py3.10.egg-info/SOURCES.txt\n'}
[0.362576] (realsense2_camera_msgs) StdoutLine: {'line': b'-- Installing: /ros_ws/install/realsense2_camera_msgs/local/lib/python3.10/dist-packages/realsense2_camera_msgs-4.56.4-py3.10.egg-info/top_level.txt\n'}
[0.362627] (realsense2_camera_msgs) StdoutLine: {'line': b'-- Installing: /ros_ws/install/realsense2_camera_msgs/local/lib/python3.10/dist-packages/realsense2_camera_msgs-4.56.4-py3.10.egg-info/PKG-INFO\n'}
[0.362679] (realsense2_camera_msgs) StdoutLine: {'line': b'-- Up-to-date: /ros_ws/install/realsense2_camera_msgs/local/lib/python3.10/dist-packages/realsense2_camera_msgs\n'}
[0.362727] (realsense2_camera_msgs) StdoutLine: {'line': b'-- Up-to-date: /ros_ws/install/realsense2_camera_msgs/local/lib/python3.10/dist-packages/realsense2_camera_msgs/_realsense2_camera_msgs_s.ep.rosidl_typesupport_c.c\n'}
[0.362771] (realsense2_camera_msgs) StdoutLine: {'line': b'-- Up-to-date: /ros_ws/install/realsense2_camera_msgs/local/lib/python3.10/dist-packages/realsense2_camera_msgs/_realsense2_camera_msgs_s.ep.rosidl_typesupport_fastrtps_c.c\n'}
[0.362814] (realsense2_camera_msgs) StdoutLine: {'line': b'-- Up-to-date: /ros_ws/install/realsense2_camera_msgs/local/lib/python3.10/dist-packages/realsense2_camera_msgs/librealsense2_camera_msgs__rosidl_generator_py.so\n'}
[0.362859] (realsense2_camera_msgs) StdoutLine: {'line': b'-- Up-to-date: /ros_ws/install/realsense2_camera_msgs/local/lib/python3.10/dist-packages/realsense2_camera_msgs/realsense2_camera_msgs_s__rosidl_typesupport_c.cpython-310-x86_64-linux-gnu.so\n'}
[0.362904] (realsense2_camera_msgs) StdoutLine: {'line': b'-- Up-to-date: /ros_ws/install/realsense2_camera_msgs/local/lib/python3.10/dist-packages/realsense2_camera_msgs/_realsense2_camera_msgs_s.ep.rosidl_typesupport_introspection_c.c\n'}
[0.362947] (realsense2_camera_msgs) StdoutLine: {'line': b'-- Up-to-date: /ros_ws/install/realsense2_camera_msgs/local/lib/python3.10/dist-packages/realsense2_camera_msgs/msg\n'}
[0.363001] (realsense2_camera_msgs) StdoutLine: {'line': b'-- Up-to-date: /ros_ws/install/realsense2_camera_msgs/local/lib/python3.10/dist-packages/realsense2_camera_msgs/msg/_imu_info_s.c\n'}
[0.363062] (realsense2_camera_msgs) StdoutLine: {'line': b'-- Up-to-date: /ros_ws/install/realsense2_camera_msgs/local/lib/python3.10/dist-packages/realsense2_camera_msgs/msg/_imu_info.py\n'}
[0.363107] (realsense2_camera_msgs) StdoutLine: {'line': b'-- Up-to-date: /ros_ws/install/realsense2_camera_msgs/local/lib/python3.10/dist-packages/realsense2_camera_msgs/msg/_rgbd.py\n'}
[0.363150] (realsense2_camera_msgs) StdoutLine: {'line': b'-- Up-to-date: /ros_ws/install/realsense2_camera_msgs/local/lib/python3.10/dist-packages/realsense2_camera_msgs/msg/__init__.py\n'}
[0.363194] (realsense2_camera_msgs) StdoutLine: {'line': b'-- Up-to-date: /ros_ws/install/realsense2_camera_msgs/local/lib/python3.10/dist-packages/realsense2_camera_msgs/msg/_metadata.py\n'}
[0.363252] (realsense2_camera_msgs) StdoutLine: {'line': b'-- Up-to-date: /ros_ws/install/realsense2_camera_msgs/local/lib/python3.10/dist-packages/realsense2_camera_msgs/msg/_metadata_s.c\n'}
[0.363296] (realsense2_camera_msgs) StdoutLine: {'line': b'-- Up-to-date: /ros_ws/install/realsense2_camera_msgs/local/lib/python3.10/dist-packages/realsense2_camera_msgs/msg/_rgbd_s.c\n'}
[0.363342] (realsense2_camera_msgs) StdoutLine: {'line': b'-- Up-to-date: /ros_ws/install/realsense2_camera_msgs/local/lib/python3.10/dist-packages/realsense2_camera_msgs/msg/_extrinsics_s.c\n'}
[0.363385] (realsense2_camera_msgs) StdoutLine: {'line': b'-- Up-to-date: /ros_ws/install/realsense2_camera_msgs/local/lib/python3.10/dist-packages/realsense2_camera_msgs/msg/_extrinsics.py\n'}
[0.363433] (realsense2_camera_msgs) StdoutLine: {'line': b'-- Up-to-date: /ros_ws/install/realsense2_camera_msgs/local/lib/python3.10/dist-packages/realsense2_camera_msgs/__init__.py\n'}
[0.363477] (realsense2_camera_msgs) StdoutLine: {'line': b'-- Up-to-date: /ros_ws/install/realsense2_camera_msgs/local/lib/python3.10/dist-packages/realsense2_camera_msgs/srv\n'}
[0.363522] (realsense2_camera_msgs) StdoutLine: {'line': b'-- Up-to-date: /ros_ws/install/realsense2_camera_msgs/local/lib/python3.10/dist-packages/realsense2_camera_msgs/srv/_calib_config_read_s.c\n'}
[0.363570] (realsense2_camera_msgs) StdoutLine: {'line': b'-- Up-to-date: /ros_ws/install/realsense2_camera_msgs/local/lib/python3.10/dist-packages/realsense2_camera_msgs/srv/_calib_config_write.py\n'}
[0.363613] (realsense2_camera_msgs) StdoutLine: {'line': b'-- Up-to-date: /ros_ws/install/realsense2_camera_msgs/local/lib/python3.10/dist-packages/realsense2_camera_msgs/srv/_calib_config_write_s.c\n'}
[0.363657] (realsense2_camera_msgs) StdoutLine: {'line': b'-- Up-to-date: /ros_ws/install/realsense2_camera_msgs/local/lib/python3.10/dist-packages/realsense2_camera_msgs/srv/_device_info_s.c\n'}
[0.363701] (realsense2_camera_msgs) StdoutLine: {'line': b'-- Up-to-date: /ros_ws/install/realsense2_camera_msgs/local/lib/python3.10/dist-packages/realsense2_camera_msgs/srv/_device_info.py\n'}
[0.363744] (realsense2_camera_msgs) StdoutLine: {'line': b'-- Up-to-date: /ros_ws/install/realsense2_camera_msgs/local/lib/python3.10/dist-packages/realsense2_camera_msgs/srv/__init__.py\n'}
[0.363790] (realsense2_camera_msgs) StdoutLine: {'line': b'-- Up-to-date: /ros_ws/install/realsense2_camera_msgs/local/lib/python3.10/dist-packages/realsense2_camera_msgs/srv/_calib_config_read.py\n'}
[0.363835] (realsense2_camera_msgs) StdoutLine: {'line': b'-- Up-to-date: /ros_ws/install/realsense2_camera_msgs/local/lib/python3.10/dist-packages/realsense2_camera_msgs/realsense2_camera_msgs_s__rosidl_typesupport_introspection_c.cpython-310-x86_64-linux-gnu.so\n'}
[0.363880] (realsense2_camera_msgs) StdoutLine: {'line': b'-- Up-to-date: /ros_ws/install/realsense2_camera_msgs/local/lib/python3.10/dist-packages/realsense2_camera_msgs/realsense2_camera_msgs_s__rosidl_typesupport_fastrtps_c.cpython-310-x86_64-linux-gnu.so\n'}
[0.363928] (realsense2_camera_msgs) StdoutLine: {'line': b'-- Up-to-date: /ros_ws/install/realsense2_camera_msgs/local/lib/python3.10/dist-packages/realsense2_camera_msgs/action\n'}
[0.363974] (realsense2_camera_msgs) StdoutLine: {'line': b'-- Up-to-date: /ros_ws/install/realsense2_camera_msgs/local/lib/python3.10/dist-packages/realsense2_camera_msgs/action/_triggered_calibration_s.c\n'}
[0.364030] (realsense2_camera_msgs) StdoutLine: {'line': b'-- Up-to-date: /ros_ws/install/realsense2_camera_msgs/local/lib/python3.10/dist-packages/realsense2_camera_msgs/action/_triggered_calibration.py\n'}
[0.364076] (realsense2_camera_msgs) StdoutLine: {'line': b'-- Up-to-date: /ros_ws/install/realsense2_camera_msgs/local/lib/python3.10/dist-packages/realsense2_camera_msgs/action/__init__.py\n'}
[0.388083] (realsense2_camera_msgs) StdoutLine: {'line': b"Listing '/ros_ws/install/realsense2_camera_msgs/local/lib/python3.10/dist-packages/realsense2_camera_msgs'...\n"}
[0.388213] (realsense2_camera_msgs) StdoutLine: {'line': b"Listing '/ros_ws/install/realsense2_camera_msgs/local/lib/python3.10/dist-packages/realsense2_camera_msgs/action'...\n"}
[0.388263] (realsense2_camera_msgs) StdoutLine: {'line': b"Listing '/ros_ws/install/realsense2_camera_msgs/local/lib/python3.10/dist-packages/realsense2_camera_msgs/msg'...\n"}
[0.388310] (realsense2_camera_msgs) StdoutLine: {'line': b"Listing '/ros_ws/install/realsense2_camera_msgs/local/lib/python3.10/dist-packages/realsense2_camera_msgs/srv'...\n"}
[0.392517] (realsense2_camera_msgs) StdoutLine: {'line': b'-- Up-to-date: /ros_ws/install/realsense2_camera_msgs/local/lib/python3.10/dist-packages/realsense2_camera_msgs/realsense2_camera_msgs_s__rosidl_typesupport_fastrtps_c.cpython-310-x86_64-linux-gnu.so\n'}
[0.392716] (realsense2_camera_msgs) StdoutLine: {'line': b'-- Up-to-date: /ros_ws/install/realsense2_camera_msgs/local/lib/python3.10/dist-packages/realsense2_camera_msgs/realsense2_camera_msgs_s__rosidl_typesupport_introspection_c.cpython-310-x86_64-linux-gnu.so\n'}
[0.392868] (realsense2_camera_msgs) StdoutLine: {'line': b'-- Up-to-date: /ros_ws/install/realsense2_camera_msgs/local/lib/python3.10/dist-packages/realsense2_camera_msgs/realsense2_camera_msgs_s__rosidl_typesupport_c.cpython-310-x86_64-linux-gnu.so\n'}
[0.393053] (realsense2_camera_msgs) StdoutLine: {'line': b'-- Up-to-date: /ros_ws/install/realsense2_camera_msgs/lib/librealsense2_camera_msgs__rosidl_generator_py.so\n'}
[0.393205] (realsense2_camera_msgs) StdoutLine: {'line': b'-- Up-to-date: /ros_ws/install/realsense2_camera_msgs/share/realsense2_camera_msgs/msg/IMUInfo.idl\n'}
[0.393259] (realsense2_camera_msgs) StdoutLine: {'line': b'-- Up-to-date: /ros_ws/install/realsense2_camera_msgs/share/realsense2_camera_msgs/msg/Extrinsics.idl\n'}
[0.393334] (realsense2_camera_msgs) StdoutLine: {'line': b'-- Up-to-date: /ros_ws/install/realsense2_camera_msgs/share/realsense2_camera_msgs/msg/Metadata.idl\n'}
[0.393433] (realsense2_camera_msgs) StdoutLine: {'line': b'-- Up-to-date: /ros_ws/install/realsense2_camera_msgs/share/realsense2_camera_msgs/msg/RGBD.idl\n'}
[0.393495] (realsense2_camera_msgs) StdoutLine: {'line': b'-- Up-to-date: /ros_ws/install/realsense2_camera_msgs/share/realsense2_camera_msgs/srv/DeviceInfo.idl\n'}
[0.393544] (realsense2_camera_msgs) StdoutLine: {'line': b'-- Up-to-date: /ros_ws/install/realsense2_camera_msgs/share/realsense2_camera_msgs/srv/CalibConfigRead.idl\n'}
[0.393592] (realsense2_camera_msgs) StdoutLine: {'line': b'-- Up-to-date: /ros_ws/install/realsense2_camera_msgs/share/realsense2_camera_msgs/srv/CalibConfigWrite.idl\n'}
[0.393668] (realsense2_camera_msgs) StdoutLine: {'line': b'-- Up-to-date: /ros_ws/install/realsense2_camera_msgs/share/realsense2_camera_msgs/action/TriggeredCalibration.idl\n'}
[0.393738] (realsense2_camera_msgs) StdoutLine: {'line': b'-- Up-to-date: /ros_ws/install/realsense2_camera_msgs/share/realsense2_camera_msgs/msg/IMUInfo.msg\n'}
[0.393810] (realsense2_camera_msgs) StdoutLine: {'line': b'-- Up-to-date: /ros_ws/install/realsense2_camera_msgs/share/realsense2_camera_msgs/msg/Extrinsics.msg\n'}
[0.393857] (realsense2_camera_msgs) StdoutLine: {'line': b'-- Up-to-date: /ros_ws/install/realsense2_camera_msgs/share/realsense2_camera_msgs/msg/Metadata.msg\n'}
[0.393905] (realsense2_camera_msgs) StdoutLine: {'line': b'-- Up-to-date: /ros_ws/install/realsense2_camera_msgs/share/realsense2_camera_msgs/msg/RGBD.msg\n'}
[0.393978] (realsense2_camera_msgs) StdoutLine: {'line': b'-- Up-to-date: /ros_ws/install/realsense2_camera_msgs/share/realsense2_camera_msgs/srv/DeviceInfo.srv\n'}
[0.394047] (realsense2_camera_msgs) StdoutLine: {'line': b'-- Up-to-date: /ros_ws/install/realsense2_camera_msgs/share/realsense2_camera_msgs/srv/DeviceInfo_Request.msg\n'}
[0.394116] (realsense2_camera_msgs) StdoutLine: {'line': b'-- Up-to-date: /ros_ws/install/realsense2_camera_msgs/share/realsense2_camera_msgs/srv/DeviceInfo_Response.msg\n'}
[0.394164] (realsense2_camera_msgs) StdoutLine: {'line': b'-- Up-to-date: /ros_ws/install/realsense2_camera_msgs/share/realsense2_camera_msgs/srv/CalibConfigRead.srv\n'}
[0.394213] (realsense2_camera_msgs) StdoutLine: {'line': b'-- Up-to-date: /ros_ws/install/realsense2_camera_msgs/share/realsense2_camera_msgs/srv/CalibConfigRead_Request.msg\n'}
[0.394259] (realsense2_camera_msgs) StdoutLine: {'line': b'-- Up-to-date: /ros_ws/install/realsense2_camera_msgs/share/realsense2_camera_msgs/srv/CalibConfigRead_Response.msg\n'}
[0.394307] (realsense2_camera_msgs) StdoutLine: {'line': b'-- Up-to-date: /ros_ws/install/realsense2_camera_msgs/share/realsense2_camera_msgs/srv/CalibConfigWrite.srv\n'}
[0.394358] (realsense2_camera_msgs) StdoutLine: {'line': b'-- Up-to-date: /ros_ws/install/realsense2_camera_msgs/share/realsense2_camera_msgs/srv/CalibConfigWrite_Request.msg\n'}
[0.394431] (realsense2_camera_msgs) StdoutLine: {'line': b'-- Up-to-date: /ros_ws/install/realsense2_camera_msgs/share/realsense2_camera_msgs/srv/CalibConfigWrite_Response.msg\n'}
[0.394478] (realsense2_camera_msgs) StdoutLine: {'line': b'-- Up-to-date: /ros_ws/install/realsense2_camera_msgs/share/realsense2_camera_msgs/action/TriggeredCalibration.action\n'}
[0.394527] (realsense2_camera_msgs) StdoutLine: {'line': b'-- Up-to-date: /ros_ws/install/realsense2_camera_msgs/share/ament_index/resource_index/package_run_dependencies/realsense2_camera_msgs\n'}
[0.394596] (realsense2_camera_msgs) StdoutLine: {'line': b'-- Up-to-date: /ros_ws/install/realsense2_camera_msgs/share/ament_index/resource_index/parent_prefix_path/realsense2_camera_msgs\n'}
[0.394647] (realsense2_camera_msgs) StdoutLine: {'line': b'-- Up-to-date: /ros_ws/install/realsense2_camera_msgs/share/realsense2_camera_msgs/environment/ament_prefix_path.sh\n'}
[0.394694] (realsense2_camera_msgs) StdoutLine: {'line': b'-- Up-to-date: /ros_ws/install/realsense2_camera_msgs/share/realsense2_camera_msgs/environment/ament_prefix_path.dsv\n'}
[0.394740] (realsense2_camera_msgs) StdoutLine: {'line': b'-- Up-to-date: /ros_ws/install/realsense2_camera_msgs/share/realsense2_camera_msgs/environment/path.sh\n'}
[0.394786] (realsense2_camera_msgs) StdoutLine: {'line': b'-- Up-to-date: /ros_ws/install/realsense2_camera_msgs/share/realsense2_camera_msgs/environment/path.dsv\n'}
[0.394833] (realsense2_camera_msgs) StdoutLine: {'line': b'-- Up-to-date: /ros_ws/install/realsense2_camera_msgs/share/realsense2_camera_msgs/local_setup.bash\n'}
[0.394880] (realsense2_camera_msgs) StdoutLine: {'line': b'-- Up-to-date: /ros_ws/install/realsense2_camera_msgs/share/realsense2_camera_msgs/local_setup.sh\n'}
[0.394926] (realsense2_camera_msgs) StdoutLine: {'line': b'-- Up-to-date: /ros_ws/install/realsense2_camera_msgs/share/realsense2_camera_msgs/local_setup.zsh\n'}
[0.394975] (realsense2_camera_msgs) StdoutLine: {'line': b'-- Up-to-date: /ros_ws/install/realsense2_camera_msgs/share/realsense2_camera_msgs/local_setup.dsv\n'}
[0.395063] (realsense2_camera_msgs) StdoutLine: {'line': b'-- Installing: /ros_ws/install/realsense2_camera_msgs/share/realsense2_camera_msgs/package.dsv\n'}
[0.395111] (realsense2_camera_msgs) StdoutLine: {'line': b'-- Up-to-date: /ros_ws/install/realsense2_camera_msgs/share/ament_index/resource_index/packages/realsense2_camera_msgs\n'}
[0.395157] (realsense2_camera_msgs) StdoutLine: {'line': b'-- Up-to-date: /ros_ws/install/realsense2_camera_msgs/share/realsense2_camera_msgs/cmake/export_realsense2_camera_msgs__rosidl_generator_cExport.cmake\n'}
[0.395204] (realsense2_camera_msgs) StdoutLine: {'line': b'-- Up-to-date: /ros_ws/install/realsense2_camera_msgs/share/realsense2_camera_msgs/cmake/export_realsense2_camera_msgs__rosidl_generator_cExport-noconfig.cmake\n'}
[0.395252] (realsense2_camera_msgs) StdoutLine: {'line': b'-- Up-to-date: /ros_ws/install/realsense2_camera_msgs/share/realsense2_camera_msgs/cmake/export_realsense2_camera_msgs__rosidl_typesupport_fastrtps_cExport.cmake\n'}
[0.395302] (realsense2_camera_msgs) StdoutLine: {'line': b'-- Up-to-date: /ros_ws/install/realsense2_camera_msgs/share/realsense2_camera_msgs/cmake/export_realsense2_camera_msgs__rosidl_typesupport_fastrtps_cExport-noconfig.cmake\n'}
[0.395349] (realsense2_camera_msgs) StdoutLine: {'line': b'-- Up-to-date: /ros_ws/install/realsense2_camera_msgs/share/realsense2_camera_msgs/cmake/realsense2_camera_msgs__rosidl_typesupport_introspection_cExport.cmake\n'}
[0.395411] (realsense2_camera_msgs) StdoutLine: {'line': b'-- Up-to-date: /ros_ws/install/realsense2_camera_msgs/share/realsense2_camera_msgs/cmake/realsense2_camera_msgs__rosidl_typesupport_introspection_cExport-noconfig.cmake\n'}
[0.395459] (realsense2_camera_msgs) StdoutLine: {'line': b'-- Up-to-date: /ros_ws/install/realsense2_camera_msgs/share/realsense2_camera_msgs/cmake/realsense2_camera_msgs__rosidl_typesupport_cExport.cmake\n'}
[0.395512] (realsense2_camera_msgs) StdoutLine: {'line': b'-- Up-to-date: /ros_ws/install/realsense2_camera_msgs/share/realsense2_camera_msgs/cmake/realsense2_camera_msgs__rosidl_typesupport_cExport-noconfig.cmake\n'}
[0.395623] (realsense2_camera_msgs) StdoutLine: {'line': b'-- Up-to-date: /ros_ws/install/realsense2_camera_msgs/share/realsense2_camera_msgs/cmake/export_realsense2_camera_msgs__rosidl_generator_cppExport.cmake\n'}
[0.395671] (realsense2_camera_msgs) StdoutLine: {'line': b'-- Up-to-date: /ros_ws/install/realsense2_camera_msgs/share/realsense2_camera_msgs/cmake/export_realsense2_camera_msgs__rosidl_typesupport_fastrtps_cppExport.cmake\n'}
[0.395762] (realsense2_camera_msgs) StdoutLine: {'line': b'-- Up-to-date: /ros_ws/install/realsense2_camera_msgs/share/realsense2_camera_msgs/cmake/export_realsense2_camera_msgs__rosidl_typesupport_fastrtps_cppExport-noconfig.cmake\n'}
[0.395834] (realsense2_camera_msgs) StdoutLine: {'line': b'-- Up-to-date: /ros_ws/install/realsense2_camera_msgs/share/realsense2_camera_msgs/cmake/realsense2_camera_msgs__rosidl_typesupport_introspection_cppExport.cmake\n'}
[0.395914] (realsense2_camera_msgs) StdoutLine: {'line': b'-- Up-to-date: /ros_ws/install/realsense2_camera_msgs/share/realsense2_camera_msgs/cmake/realsense2_camera_msgs__rosidl_typesupport_introspection_cppExport-noconfig.cmake\n'}
[0.395995] (realsense2_camera_msgs) StdoutLine: {'line': b'-- Up-to-date: /ros_ws/install/realsense2_camera_msgs/share/realsense2_camera_msgs/cmake/realsense2_camera_msgs__rosidl_typesupport_cppExport.cmake\n'}
[0.396075] (realsense2_camera_msgs) StdoutLine: {'line': b'-- Up-to-date: /ros_ws/install/realsense2_camera_msgs/share/realsense2_camera_msgs/cmake/realsense2_camera_msgs__rosidl_typesupport_cppExport-noconfig.cmake\n'}
[0.396121] (realsense2_camera_msgs) StdoutLine: {'line': b'-- Up-to-date: /ros_ws/install/realsense2_camera_msgs/share/realsense2_camera_msgs/cmake/export_realsense2_camera_msgs__rosidl_generator_pyExport.cmake\n'}
[0.396165] (realsense2_camera_msgs) StdoutLine: {'line': b'-- Up-to-date: /ros_ws/install/realsense2_camera_msgs/share/realsense2_camera_msgs/cmake/export_realsense2_camera_msgs__rosidl_generator_pyExport-noconfig.cmake\n'}
[0.396207] (realsense2_camera_msgs) StdoutLine: {'line': b'-- Up-to-date: /ros_ws/install/realsense2_camera_msgs/share/realsense2_camera_msgs/cmake/rosidl_cmake-extras.cmake\n'}
[0.396261] (realsense2_camera_msgs) StdoutLine: {'line': b'-- Up-to-date: /ros_ws/install/realsense2_camera_msgs/share/realsense2_camera_msgs/cmake/ament_cmake_export_dependencies-extras.cmake\n'}
[0.396308] (realsense2_camera_msgs) StdoutLine: {'line': b'-- Up-to-date: /ros_ws/install/realsense2_camera_msgs/share/realsense2_camera_msgs/cmake/ament_cmake_export_include_directories-extras.cmake\n'}
[0.396354] (realsense2_camera_msgs) StdoutLine: {'line': b'-- Up-to-date: /ros_ws/install/realsense2_camera_msgs/share/realsense2_camera_msgs/cmake/ament_cmake_export_libraries-extras.cmake\n'}
[0.396400] (realsense2_camera_msgs) StdoutLine: {'line': b'-- Up-to-date: /ros_ws/install/realsense2_camera_msgs/share/realsense2_camera_msgs/cmake/ament_cmake_export_targets-extras.cmake\n'}
[0.396444] (realsense2_camera_msgs) StdoutLine: {'line': b'-- Up-to-date: /ros_ws/install/realsense2_camera_msgs/share/realsense2_camera_msgs/cmake/rosidl_cmake_export_typesupport_targets-extras.cmake\n'}
[0.396486] (realsense2_camera_msgs) StdoutLine: {'line': b'-- Up-to-date: /ros_ws/install/realsense2_camera_msgs/share/realsense2_camera_msgs/cmake/rosidl_cmake_export_typesupport_libraries-extras.cmake\n'}
[0.396528] (realsense2_camera_msgs) StdoutLine: {'line': b'-- Up-to-date: /ros_ws/install/realsense2_camera_msgs/share/realsense2_camera_msgs/cmake/realsense2_camera_msgsConfig.cmake\n'}
[0.396571] (realsense2_camera_msgs) StdoutLine: {'line': b'-- Up-to-date: /ros_ws/install/realsense2_camera_msgs/share/realsense2_camera_msgs/cmake/realsense2_camera_msgsConfig-version.cmake\n'}
[0.396614] (realsense2_camera_msgs) StdoutLine: {'line': b'-- Up-to-date: /ros_ws/install/realsense2_camera_msgs/share/realsense2_camera_msgs/package.xml\n'}
[0.398396] (realsense2_camera_msgs) CommandEnded: {'returncode': 0}
[0.400109] (-) TimerEvent: {}
[0.412345] (realsense2_camera_msgs) JobEnded: {'identifier': 'realsense2_camera_msgs', 'rc': 0}
[0.413365] (realsense2_camera) JobStarted: {'identifier': 'realsense2_camera'}
[0.416131] (realsense2_description) JobStarted: {'identifier': 'realsense2_description'}
[0.420435] (realsense2_camera) JobProgress: {'identifier': 'realsense2_camera', 'progress': 'cmake'}
[0.420977] (realsense2_camera) Command: {'cmd': ['/usr/bin/cmake', '/ros_ws/src/realsense2_camera', '-DCMAKE_INSTALL_PREFIX=/ros_ws/install/realsense2_camera'], 'cwd': '/ros_ws/build/realsense2_camera', 'env': OrderedDict([('HOSTNAME', 'kast-pc'), ('SHLVL', '1'), ('LD_LIBRARY_PATH', '/ros_ws/install/realsense2_camera_msgs/lib:/ros_ws/install/realsense_gazebo_plugin/lib:/usr/lib/x86_64-linux-gnu/gazebo-11/plugins:/opt/ros/humble/opt/rviz_ogre_vendor/lib:/opt/ros/humble/lib/x86_64-linux-gnu:/opt/ros/humble/lib'), ('HOME', '/root'), ('ROS_PYTHON_VERSION', '3'), ('COLCON_PREFIX_PATH', '/ros_ws/install'), ('ROS_DISTRO', 'humble'), ('_', '/usr/bin/colcon'), ('ROS_VERSION', '2'), ('TERM', 'xterm'), ('ROS_LOCALHOST_ONLY', '0'), ('QT_X11_NO_MITSHM', '1'), ('PATH', '/opt/ros/humble/bin:/usr/local/sbin:/usr/local/bin:/usr/sbin:/usr/bin:/sbin:/bin'), ('DISPLAY', ':1'), ('LANG', 'C.UTF-8'), ('LS_COLORS', 'rs=0:di=01;34:ln=01;36:mh=00:pi=40;33:so=01;35:do=01;35:bd=40;33;01:cd=40;33;01:or=40;31;01:mi=00:su=37;41:sg=30;43:ca=30;41:tw=30;42:ow=34;42:st=37;44:ex=01;32:*.tar=01;31:*.tgz=01;31:*.arc=01;31:*.arj=01;31:*.taz=01;31:*.lha=01;31:*.lz4=01;31:*.lzh=01;31:*.lzma=01;31:*.tlz=01;31:*.txz=01;31:*.tzo=01;31:*.t7z=01;31:*.zip=01;31:*.z=01;31:*.dz=01;31:*.gz=01;31:*.lrz=01;31:*.lz=01;31:*.lzo=01;31:*.xz=01;31:*.zst=01;31:*.tzst=01;31:*.bz2=01;31:*.bz=01;31:*.tbz=01;31:*.tbz2=01;31:*.tz=01;31:*.deb=01;31:*.rpm=01;31:*.jar=01;31:*.war=01;31:*.ear=01;31:*.sar=01;31:*.rar=01;31:*.alz=01;31:*.ace=01;31:*.zoo=01;31:*.cpio=01;31:*.7z=01;31:*.rz=01;31:*.cab=01;31:*.wim=01;31:*.swm=01;31:*.dwm=01;31:*.esd=01;31:*.jpg=01;35:*.jpeg=01;35:*.mjpg=01;35:*.mjpeg=01;35:*.gif=01;35:*.bmp=01;35:*.pbm=01;35:*.pgm=01;35:*.ppm=01;35:*.tga=01;35:*.xbm=01;35:*.xpm=01;35:*.tif=01;35:*.tiff=01;35:*.png=01;35:*.svg=01;35:*.svgz=01;35:*.mng=01;35:*.pcx=01;35:*.mov=01;35:*.mpg=01;35:*.mpeg=01;35:*.m2v=01;35:*.mkv=01;35:*.webm=01;35:*.webp=01;35:*.ogm=01;35:*.mp4=01;35:*.m4v=01;35:*.mp4v=01;35:*.vob=01;35:*.qt=01;35:*.nuv=01;35:*.wmv=01;35:*.asf=01;35:*.rm=01;35:*.rmvb=01;35:*.flc=01;35:*.avi=01;35:*.fli=01;35:*.flv=01;35:*.gl=01;35:*.dl=01;35:*.xcf=01;35:*.xwd=01;35:*.yuv=01;35:*.cgm=01;35:*.emf=01;35:*.ogv=01;35:*.ogx=01;35:*.aac=00;36:*.au=00;36:*.flac=00;36:*.m4a=00;36:*.mid=00;36:*.midi=00;36:*.mka=00;36:*.mp3=00;36:*.mpc=00;36:*.ogg=00;36:*.ra=00;36:*.wav=00;36:*.oga=00;36:*.opus=00;36:*.spx=00;36:*.xspf=00;36:'), ('AMENT_PREFIX_PATH', '/ros_ws/install/realsense2_camera_msgs:/ros_ws/install/realsense_gazebo_plugin:/ros_ws/install/realsense2_description:/opt/ros/humble'), ('DEBIAN_FRONTEND', 'noninteractive'), ('PWD', '/ros_ws/build/realsense2_camera'), ('LC_ALL', 'C.UTF-8'), ('PYTHONPATH', '/ros_ws/install/realsense2_camera_msgs/local/lib/python3.10/dist-packages:/opt/ros/humble/lib/python3.10/site-packages:/opt/ros/humble/local/lib/python3.10/dist-packages'), ('COLCON', '1'), ('CMAKE_PREFIX_PATH', '/ros_ws/install/realsense2_camera_msgs:/ros_ws/install/realsense_gazebo_plugin:/ros_ws/install/realsense2_description:/opt/ros/humble')]), 'shell': False}
[0.423029] (realsense2_description) JobProgress: {'identifier': 'realsense2_description', 'progress': 'cmake'}
[0.423427] (realsense2_description) JobProgress: {'identifier': 'realsense2_description', 'progress': 'build'}
[0.423762] (realsense2_description) Command: {'cmd': ['/usr/bin/cmake', '--build', '/ros_ws/build/realsense2_description', '--', '-j16', '-l16'], 'cwd': '/ros_ws/build/realsense2_description', 'env': OrderedDict([('HOSTNAME', 'kast-pc'), ('SHLVL', '1'), ('LD_LIBRARY_PATH', '/ros_ws/install/realsense2_camera_msgs/lib:/ros_ws/install/realsense_gazebo_plugin/lib:/usr/lib/x86_64-linux-gnu/gazebo-11/plugins:/opt/ros/humble/opt/rviz_ogre_vendor/lib:/opt/ros/humble/lib/x86_64-linux-gnu:/opt/ros/humble/lib'), ('HOME', '/root'), ('ROS_PYTHON_VERSION', '3'), ('COLCON_PREFIX_PATH', '/ros_ws/install'), ('ROS_DISTRO', 'humble'), ('_', '/usr/bin/colcon'), ('ROS_VERSION', '2'), ('TERM', 'xterm'), ('ROS_LOCALHOST_ONLY', '0'), ('QT_X11_NO_MITSHM', '1'), ('PATH', '/opt/ros/humble/bin:/usr/local/sbin:/usr/local/bin:/usr/sbin:/usr/bin:/sbin:/bin'), ('DISPLAY', ':1'), ('LANG', 'C.UTF-8'), ('LS_COLORS', 'rs=0:di=01;34:ln=01;36:mh=00:pi=40;33:so=01;35:do=01;35:bd=40;33;01:cd=40;33;01:or=40;31;01:mi=00:su=37;41:sg=30;43:ca=30;41:tw=30;42:ow=34;42:st=37;44:ex=01;32:*.tar=01;31:*.tgz=01;31:*.arc=01;31:*.arj=01;31:*.taz=01;31:*.lha=01;31:*.lz4=01;31:*.lzh=01;31:*.lzma=01;31:*.tlz=01;31:*.txz=01;31:*.tzo=01;31:*.t7z=01;31:*.zip=01;31:*.z=01;31:*.dz=01;31:*.gz=01;31:*.lrz=01;31:*.lz=01;31:*.lzo=01;31:*.xz=01;31:*.zst=01;31:*.tzst=01;31:*.bz2=01;31:*.bz=01;31:*.tbz=01;31:*.tbz2=01;31:*.tz=01;31:*.deb=01;31:*.rpm=01;31:*.jar=01;31:*.war=01;31:*.ear=01;31:*.sar=01;31:*.rar=01;31:*.alz=01;31:*.ace=01;31:*.zoo=01;31:*.cpio=01;31:*.7z=01;31:*.rz=01;31:*.cab=01;31:*.wim=01;31:*.swm=01;31:*.dwm=01;31:*.esd=01;31:*.jpg=01;35:*.jpeg=01;35:*.mjpg=01;35:*.mjpeg=01;35:*.gif=01;35:*.bmp=01;35:*.pbm=01;35:*.pgm=01;35:*.ppm=01;35:*.tga=01;35:*.xbm=01;35:*.xpm=01;35:*.tif=01;35:*.tiff=01;35:*.png=01;35:*.svg=01;35:*.svgz=01;35:*.mng=01;35:*.pcx=01;35:*.mov=01;35:*.mpg=01;35:*.mpeg=01;35:*.m2v=01;35:*.mkv=01;35:*.webm=01;35:*.webp=01;35:*.ogm=01;35:*.mp4=01;35:*.m4v=01;35:*.mp4v=01;35:*.vob=01;35:*.qt=01;35:*.nuv=01;35:*.wmv=01;35:*.asf=01;35:*.rm=01;35:*.rmvb=01;35:*.flc=01;35:*.avi=01;35:*.fli=01;35:*.flv=01;35:*.gl=01;35:*.dl=01;35:*.xcf=01;35:*.xwd=01;35:*.yuv=01;35:*.cgm=01;35:*.emf=01;35:*.ogv=01;35:*.ogx=01;35:*.aac=00;36:*.au=00;36:*.flac=00;36:*.m4a=00;36:*.mid=00;36:*.midi=00;36:*.mka=00;36:*.mp3=00;36:*.mpc=00;36:*.ogg=00;36:*.ra=00;36:*.wav=00;36:*.oga=00;36:*.opus=00;36:*.spx=00;36:*.xspf=00;36:'), ('AMENT_PREFIX_PATH', '/ros_ws/install/realsense2_camera_msgs:/ros_ws/install/realsense_gazebo_plugin:/ros_ws/install/realsense2_description:/opt/ros/humble'), ('DEBIAN_FRONTEND', 'noninteractive'), ('PWD', '/ros_ws/build/realsense2_description'), ('LC_ALL', 'C.UTF-8'), ('PYTHONPATH', '/ros_ws/install/realsense2_camera_msgs/local/lib/python3.10/dist-packages:/opt/ros/humble/lib/python3.10/site-packages:/opt/ros/humble/local/lib/python3.10/dist-packages'), ('COLCON', '1'), ('CMAKE_PREFIX_PATH', '/ros_ws/install/realsense2_camera_msgs:/ros_ws/install/realsense_gazebo_plugin:/ros_ws/install/realsense2_description:/opt/ros/humble')]), 'shell': False}
[0.434382] (realsense2_camera) StdoutLine: {'line': b'-- Create Release Build.\n'}
[0.434671] (realsense2_camera) StdoutLine: {'line': b'-- Found ament_cmake: 1.3.12 (/opt/ros/humble/share/ament_cmake/cmake)\n'}
[0.465521] (realsense2_description) CommandEnded: {'returncode': 0}
[0.466353] (realsense2_description) JobProgress: {'identifier': 'realsense2_description', 'progress': 'install'}
[0.466564] (realsense2_description) Command: {'cmd': ['/usr/bin/cmake', '--install', '/ros_ws/build/realsense2_description'], 'cwd': '/ros_ws/build/realsense2_description', 'env': OrderedDict([('HOSTNAME', 'kast-pc'), ('SHLVL', '1'), ('LD_LIBRARY_PATH', '/ros_ws/install/realsense2_camera_msgs/lib:/ros_ws/install/realsense_gazebo_plugin/lib:/usr/lib/x86_64-linux-gnu/gazebo-11/plugins:/opt/ros/humble/opt/rviz_ogre_vendor/lib:/opt/ros/humble/lib/x86_64-linux-gnu:/opt/ros/humble/lib'), ('HOME', '/root'), ('ROS_PYTHON_VERSION', '3'), ('COLCON_PREFIX_PATH', '/ros_ws/install'), ('ROS_DISTRO', 'humble'), ('_', '/usr/bin/colcon'), ('ROS_VERSION', '2'), ('TERM', 'xterm'), ('ROS_LOCALHOST_ONLY', '0'), ('QT_X11_NO_MITSHM', '1'), ('PATH', '/opt/ros/humble/bin:/usr/local/sbin:/usr/local/bin:/usr/sbin:/usr/bin:/sbin:/bin'), ('DISPLAY', ':1'), ('LANG', 'C.UTF-8'), ('LS_COLORS', 'rs=0:di=01;34:ln=01;36:mh=00:pi=40;33:so=01;35:do=01;35:bd=40;33;01:cd=40;33;01:or=40;31;01:mi=00:su=37;41:sg=30;43:ca=30;41:tw=30;42:ow=34;42:st=37;44:ex=01;32:*.tar=01;31:*.tgz=01;31:*.arc=01;31:*.arj=01;31:*.taz=01;31:*.lha=01;31:*.lz4=01;31:*.lzh=01;31:*.lzma=01;31:*.tlz=01;31:*.txz=01;31:*.tzo=01;31:*.t7z=01;31:*.zip=01;31:*.z=01;31:*.dz=01;31:*.gz=01;31:*.lrz=01;31:*.lz=01;31:*.lzo=01;31:*.xz=01;31:*.zst=01;31:*.tzst=01;31:*.bz2=01;31:*.bz=01;31:*.tbz=01;31:*.tbz2=01;31:*.tz=01;31:*.deb=01;31:*.rpm=01;31:*.jar=01;31:*.war=01;31:*.ear=01;31:*.sar=01;31:*.rar=01;31:*.alz=01;31:*.ace=01;31:*.zoo=01;31:*.cpio=01;31:*.7z=01;31:*.rz=01;31:*.cab=01;31:*.wim=01;31:*.swm=01;31:*.dwm=01;31:*.esd=01;31:*.jpg=01;35:*.jpeg=01;35:*.mjpg=01;35:*.mjpeg=01;35:*.gif=01;35:*.bmp=01;35:*.pbm=01;35:*.pgm=01;35:*.ppm=01;35:*.tga=01;35:*.xbm=01;35:*.xpm=01;35:*.tif=01;35:*.tiff=01;35:*.png=01;35:*.svg=01;35:*.svgz=01;35:*.mng=01;35:*.pcx=01;35:*.mov=01;35:*.mpg=01;35:*.mpeg=01;35:*.m2v=01;35:*.mkv=01;35:*.webm=01;35:*.webp=01;35:*.ogm=01;35:*.mp4=01;35:*.m4v=01;35:*.mp4v=01;35:*.vob=01;35:*.qt=01;35:*.nuv=01;35:*.wmv=01;35:*.asf=01;35:*.rm=01;35:*.rmvb=01;35:*.flc=01;35:*.avi=01;35:*.fli=01;35:*.flv=01;35:*.gl=01;35:*.dl=01;35:*.xcf=01;35:*.xwd=01;35:*.yuv=01;35:*.cgm=01;35:*.emf=01;35:*.ogv=01;35:*.ogx=01;35:*.aac=00;36:*.au=00;36:*.flac=00;36:*.m4a=00;36:*.mid=00;36:*.midi=00;36:*.mka=00;36:*.mp3=00;36:*.mpc=00;36:*.ogg=00;36:*.ra=00;36:*.wav=00;36:*.oga=00;36:*.opus=00;36:*.spx=00;36:*.xspf=00;36:'), ('AMENT_PREFIX_PATH', '/ros_ws/install/realsense2_camera_msgs:/ros_ws/install/realsense_gazebo_plugin:/ros_ws/install/realsense2_description:/opt/ros/humble'), ('DEBIAN_FRONTEND', 'noninteractive'), ('PWD', '/ros_ws/build/realsense2_description'), ('LC_ALL', 'C.UTF-8'), ('PYTHONPATH', '/ros_ws/install/realsense2_camera_msgs/local/lib/python3.10/dist-packages:/opt/ros/humble/lib/python3.10/site-packages:/opt/ros/humble/local/lib/python3.10/dist-packages'), ('COLCON', '1'), ('CMAKE_PREFIX_PATH', '/ros_ws/install/realsense2_camera_msgs:/ros_ws/install/realsense_gazebo_plugin:/ros_ws/install/realsense2_description:/opt/ros/humble')]), 'shell': False}
[0.476399] (realsense2_description) StdoutLine: {'line': b'-- Install configuration: ""\n'}
[0.476763] (realsense2_description) StdoutLine: {'line': b'-- Up-to-date: /ros_ws/install/realsense2_description/share/realsense2_description/launch\n'}
[0.476876] (realsense2_description) StdoutLine: {'line': b'-- Up-to-date: /ros_ws/install/realsense2_description/share/realsense2_description/launch/launch_gazebo.py\n'}
[0.476931] (realsense2_description) StdoutLine: {'line': b'-- Up-to-date: /ros_ws/install/realsense2_description/share/realsense2_description/launch/launch_utils.py\n'}
[0.476981] (realsense2_description) StdoutLine: {'line': b'-- Up-to-date: /ros_ws/install/realsense2_description/share/realsense2_description/launch/view_model.launch.py\n'}
[0.477063] (realsense2_description) StdoutLine: {'line': b'-- Up-to-date: /ros_ws/install/realsense2_description/share/realsense2_description/meshes\n'}
[0.477113] (realsense2_description) StdoutLine: {'line': b'-- Up-to-date: /ros_ws/install/realsense2_description/share/realsense2_description/meshes/d405.stl\n'}
[0.477164] (realsense2_description) StdoutLine: {'line': b'-- Up-to-date: /ros_ws/install/realsense2_description/share/realsense2_description/meshes/d415.stl\n'}
[0.477214] (realsense2_description) StdoutLine: {'line': b'-- Up-to-date: /ros_ws/install/realsense2_description/share/realsense2_description/meshes/l515.dae\n'}
[0.477265] (realsense2_description) StdoutLine: {'line': b'-- Up-to-date: /ros_ws/install/realsense2_description/share/realsense2_description/meshes/plug.stl\n'}
[0.477314] (realsense2_description) StdoutLine: {'line': b'-- Up-to-date: /ros_ws/install/realsense2_description/share/realsense2_description/meshes/plug_collision.stl\n'}
[0.477364] (realsense2_description) StdoutLine: {'line': b'-- Up-to-date: /ros_ws/install/realsense2_description/share/realsense2_description/meshes/d435.dae\n'}
[0.477415] (realsense2_description) StdoutLine: {'line': b'-- Up-to-date: /ros_ws/install/realsense2_description/share/realsense2_description/meshes/d455.stl\n'}
[0.477510] (realsense2_description) StdoutLine: {'line': b'-- Up-to-date: /ros_ws/install/realsense2_description/share/realsense2_description/rviz\n'}
[0.477567] (realsense2_description) StdoutLine: {'line': b'-- Up-to-date: /ros_ws/install/realsense2_description/share/realsense2_description/rviz/urdf.rviz\n'}
[0.477619] (realsense2_description) StdoutLine: {'line': b'-- Up-to-date: /ros_ws/install/realsense2_description/share/realsense2_description/urdf\n'}
[0.477685] (realsense2_description) StdoutLine: {'line': b'-- Up-to-date: /ros_ws/install/realsense2_description/share/realsense2_description/urdf/_r410.urdf.xacro\n'}
[0.477736] (realsense2_description) StdoutLine: {'line': b'-- Up-to-date: /ros_ws/install/realsense2_description/share/realsense2_description/urdf/test_d455_camera.urdf.xacro\n'}
[0.477786] (realsense2_description) StdoutLine: {'line': b'-- Up-to-date: /ros_ws/install/realsense2_description/share/realsense2_description/urdf/_d435.urdf.xacro\n'}
[0.477834] (realsense2_description) StdoutLine: {'line': b'-- Up-to-date: /ros_ws/install/realsense2_description/share/realsense2_description/urdf/_d405.urdf.xacro\n'}
[0.477885] (realsense2_description) StdoutLine: {'line': b'-- Up-to-date: /ros_ws/install/realsense2_description/share/realsense2_description/urdf/test_d435i_camera.urdf.xacro\n'}
[0.478002] (realsense2_description) StdoutLine: {'line': b'-- Up-to-date: /ros_ws/install/realsense2_description/share/realsense2_description/urdf/_d415.urdf.xacro\n'}
[0.478064] (realsense2_description) StdoutLine: {'line': b'-- Up-to-date: /ros_ws/install/realsense2_description/share/realsense2_description/urdf/_usb_plug.urdf.xacro\n'}
[0.478121] (realsense2_description) StdoutLine: {'line': b'-- Up-to-date: /ros_ws/install/realsense2_description/share/realsense2_description/urdf/test_d415_camera.urdf.xacro\n'}
[0.478171] (realsense2_description) StdoutLine: {'line': b'-- Up-to-date: /ros_ws/install/realsense2_description/share/realsense2_description/urdf/test_d435_multiple_cameras.urdf.xacro\n'}
[0.478223] (realsense2_description) StdoutLine: {'line': b'-- Up-to-date: /ros_ws/install/realsense2_description/share/realsense2_description/urdf/test_d435_camera.urdf.xacro\n'}
[0.478273] (realsense2_description) StdoutLine: {'line': b'-- Up-to-date: /ros_ws/install/realsense2_description/share/realsense2_description/urdf/_materials.urdf.xacro\n'}
[0.478320] (realsense2_description) StdoutLine: {'line': b'-- Up-to-date: /ros_ws/install/realsense2_description/share/realsense2_description/urdf/_r430.urdf.xacro\n'}
[0.478368] (realsense2_description) StdoutLine: {'line': b'-- Up-to-date: /ros_ws/install/realsense2_description/share/realsense2_description/urdf/_d435i_imu_modules.urdf.xacro\n'}
[0.478414] (realsense2_description) StdoutLine: {'line': b'-- Up-to-date: /ros_ws/install/realsense2_description/share/realsense2_description/urdf/test_d405_camera.urdf.xacro\n'}
[0.478461] (realsense2_description) StdoutLine: {'line': b'-- Up-to-date: /ros_ws/install/realsense2_description/share/realsense2_description/urdf/_d455.urdf.xacro\n'}
[0.478507] (realsense2_description) StdoutLine: {'line': b'-- Up-to-date: /ros_ws/install/realsense2_description/share/realsense2_description/urdf/test_r430_camera.urdf.xacro\n'}
[0.478554] (realsense2_description) StdoutLine: {'line': b'-- Up-to-date: /ros_ws/install/realsense2_description/share/realsense2_description/urdf/_d435i.urdf.xacro\n'}
[0.478601] (realsense2_description) StdoutLine: {'line': b'-- Up-to-date: /ros_ws/install/realsense2_description/share/realsense2_description/urdf/test_r410_camera.urdf.xacro\n'}
[0.478647] (realsense2_description) StdoutLine: {'line': b'-- Up-to-date: /ros_ws/install/realsense2_description/share/ament_index/resource_index/package_run_dependencies/realsense2_description\n'}
[0.478694] (realsense2_description) StdoutLine: {'line': b'-- Up-to-date: /ros_ws/install/realsense2_description/share/ament_index/resource_index/parent_prefix_path/realsense2_description\n'}
[0.478740] (realsense2_description) StdoutLine: {'line': b'-- Up-to-date: /ros_ws/install/realsense2_description/share/realsense2_description/environment/ament_prefix_path.sh\n'}
[0.478790] (realsense2_description) StdoutLine: {'line': b'-- Up-to-date: /ros_ws/install/realsense2_description/share/realsense2_description/environment/ament_prefix_path.dsv\n'}
[0.478837] (realsense2_description) StdoutLine: {'line': b'-- Up-to-date: /ros_ws/install/realsense2_description/share/realsense2_description/environment/path.sh\n'}
[0.478889] (realsense2_description) StdoutLine: {'line': b'-- Up-to-date: /ros_ws/install/realsense2_description/share/realsense2_description/environment/path.dsv\n'}
[0.478937] (realsense2_description) StdoutLine: {'line': b'-- Up-to-date: /ros_ws/install/realsense2_description/share/realsense2_description/local_setup.bash\n'}
[0.478992] (realsense2_description) StdoutLine: {'line': b'-- Up-to-date: /ros_ws/install/realsense2_description/share/realsense2_description/local_setup.sh\n'}
[0.479060] (realsense2_description) StdoutLine: {'line': b'-- Up-to-date: /ros_ws/install/realsense2_description/share/realsense2_description/local_setup.zsh\n'}
[0.479110] (realsense2_description) StdoutLine: {'line': b'-- Up-to-date: /ros_ws/install/realsense2_description/share/realsense2_description/local_setup.dsv\n'}
[0.479159] (realsense2_description) StdoutLine: {'line': b'-- Installing: /ros_ws/install/realsense2_description/share/realsense2_description/package.dsv\n'}
[0.479209] (realsense2_description) StdoutLine: {'line': b'-- Up-to-date: /ros_ws/install/realsense2_description/share/ament_index/resource_index/packages/realsense2_description\n'}
[0.479258] (realsense2_description) StdoutLine: {'line': b'-- Up-to-date: /ros_ws/install/realsense2_description/share/realsense2_description/cmake/realsense2_descriptionConfig.cmake\n'}
[0.479307] (realsense2_description) StdoutLine: {'line': b'-- Up-to-date: /ros_ws/install/realsense2_description/share/realsense2_description/cmake/realsense2_descriptionConfig-version.cmake\n'}
[0.479357] (realsense2_description) StdoutLine: {'line': b'-- Up-to-date: /ros_ws/install/realsense2_description/share/realsense2_description/package.xml\n'}
[0.479950] (realsense2_description) CommandEnded: {'returncode': 0}
[0.491613] (realsense2_description) JobEnded: {'identifier': 'realsense2_description', 'rc': 0}
[0.500258] (-) TimerEvent: {}
[0.566086] (realsense2_camera) StdoutLine: {'line': b'-- Found builtin_interfaces: 1.2.2 (/opt/ros/humble/share/builtin_interfaces/cmake)\n'}
[0.587109] (realsense2_camera) StdoutLine: {'line': b'-- Found rosidl_generator_c: 3.1.7 (/opt/ros/humble/share/rosidl_generator_c/cmake)\n'}
[0.589232] (realsense2_camera) StdoutLine: {'line': b'-- Found rosidl_adapter: 3.1.7 (/opt/ros/humble/share/rosidl_adapter/cmake)\n'}
[0.594881] (realsense2_camera) StdoutLine: {'line': b'-- Found rosidl_generator_cpp: 3.1.7 (/opt/ros/humble/share/rosidl_generator_cpp/cmake)\n'}
[0.600328] (-) TimerEvent: {}
[0.603862] (realsense2_camera) StdoutLine: {'line': b'-- Using all available rosidl_typesupport_c: rosidl_typesupport_fastrtps_c;rosidl_typesupport_introspection_c\n'}
[0.615233] (realsense2_camera) StdoutLine: {'line': b'-- Using all available rosidl_typesupport_cpp: rosidl_typesupport_fastrtps_cpp;rosidl_typesupport_introspection_cpp\n'}
[0.625759] (realsense2_camera) StdoutLine: {'line': b'-- Found cv_bridge: 3.2.1 (/opt/ros/humble/share/cv_bridge/cmake)\n'}
[0.674296] (realsense2_camera) StdoutLine: {'line': b'-- Found image_transport: 3.1.12 (/opt/ros/humble/share/image_transport/cmake)\n'}
[0.700445] (-) TimerEvent: {}
[0.700802] (realsense2_camera) StdoutLine: {'line': b'-- Found rmw_implementation_cmake: 6.1.2 (/opt/ros/humble/share/rmw_implementation_cmake/cmake)\n'}
[0.702170] (realsense2_camera) StdoutLine: {'line': b'-- Found rmw_fastrtps_cpp: 6.2.9 (/opt/ros/humble/share/rmw_fastrtps_cpp/cmake)\n'}
[0.800560] (-) TimerEvent: {}
[0.809353] (realsense2_camera) StdoutLine: {'line': b"-- Using RMW implementation 'rmw_fastrtps_cpp' as default\n"}
[0.865532] (realsense2_camera) StdoutLine: {'line': b'-- Found rclcpp_action: 16.0.15 (/opt/ros/humble/share/rclcpp_action/cmake)\n'}
[0.893714] (realsense2_camera) StdoutLine: {'line': b'-- Found rclcpp_components: 16.0.15 (/opt/ros/humble/share/rclcpp_components/cmake)\n'}
[0.900705] (-) TimerEvent: {}
[0.909292] (realsense2_camera) StdoutLine: {'line': b'-- Found realsense2_camera_msgs: 4.56.4 (/ros_ws/install/realsense2_camera_msgs/share/realsense2_camera_msgs/cmake)\n'}
[0.928810] (realsense2_camera) StdoutLine: {'line': b'-- Found std_srvs: 4.9.0 (/opt/ros/humble/share/std_srvs/cmake)\n'}
[0.937436] (realsense2_camera) StdoutLine: {'line': b'-- Found nav_msgs: 4.9.0 (/opt/ros/humble/share/nav_msgs/cmake)\n'}
[0.952884] (realsense2_camera) StdoutLine: {'line': b'-- Found tf2_ros: 0.25.16 (/opt/ros/humble/share/tf2_ros/cmake)\n'}
[0.983656] (realsense2_camera) StdoutLine: {'line': b'-- Found diagnostic_updater: 4.0.6 (/opt/ros/humble/share/diagnostic_updater/cmake)\n'}
[1.000815] (-) TimerEvent: {}
[1.017444] (realsense2_camera) StdoutLine: {'line': b'-- Found OpenCV: /usr (found version "4.5.4") found components: core \n'}
[1.029828] (realsense2_camera) StderrLine: {'line': b'\x1b[33mCMake Warning at CMakeLists.txt:124 (find_package):\n'}
[1.030270] (realsense2_camera) StderrLine: {'line': b'  By not providing "Findrealsense2.cmake" in CMAKE_MODULE_PATH this project\n'}
[1.030375] (realsense2_camera) StderrLine: {'line': b'  has asked CMake to find a package configuration file provided by\n'}
[1.030455] (realsense2_camera) StderrLine: {'line': b'  "realsense2", but CMake did not find one.\n'}
[1.030532] (realsense2_camera) StderrLine: {'line': b'\n'}
[1.030599] (realsense2_camera) StderrLine: {'line': b'  Could not find a package configuration file provided by "realsense2"\n'}
[1.030670] (realsense2_camera) StderrLine: {'line': b'  (requested version 2.56) with any of the following names:\n'}
[1.030743] (realsense2_camera) StderrLine: {'line': b'\n'}
[1.030815] (realsense2_camera) StderrLine: {'line': b'    realsense2Config.cmake\n'}
[1.030882] (realsense2_camera) StderrLine: {'line': b'    realsense2-config.cmake\n'}
[1.030950] (realsense2_camera) StderrLine: {'line': b'\n'}
[1.031058] (realsense2_camera) StderrLine: {'line': b'  Add the installation prefix of "realsense2" to CMAKE_PREFIX_PATH or set\n'}
[1.031127] (realsense2_camera) StderrLine: {'line': b'  "realsense2_DIR" to a directory containing one of the above files.  If\n'}
[1.031200] (realsense2_camera) StderrLine: {'line': b'  "realsense2" provides a separate development package or SDK, be sure it has\n'}
[1.031259] (realsense2_camera) StderrLine: {'line': b'  been installed.\n'}
[1.031316] (realsense2_camera) StderrLine: {'line': b'\n'}
[1.031374] (realsense2_camera) StderrLine: {'line': b'\x1b[0m\n'}
[1.031438] (realsense2_camera) StderrLine: {'line': b'\x1b[31mCMake Error at CMakeLists.txt:129 (message):\n'}
[1.031498] (realsense2_camera) StderrLine: {'line': b'  \n'}
[1.031558] (realsense2_camera) StderrLine: {'line': b'\n'}
[1.031617] (realsense2_camera) StderrLine: {'line': b'  \n'}
[1.031681] (realsense2_camera) StderrLine: {'line': b'\n'}
[1.031739] (realsense2_camera) StderrLine: {'line': b'   Intel RealSense SDK 2.0 is missing, please install it from https://github.com/IntelRealSense/librealsense/releases\n'}
[1.031809] (realsense2_camera) StderrLine: {'line': b'\n'}
[1.031877] (realsense2_camera) StderrLine: {'line': b'  \n'}
[1.031955] (realsense2_camera) StderrLine: {'line': b'\n'}
[1.032045] (realsense2_camera) StderrLine: {'line': b'\n'}
[1.032120] (realsense2_camera) StderrLine: {'line': b'\x1b[0m\n'}
[1.032210] (realsense2_camera) StdoutLine: {'line': b'-- Configuring incomplete, errors occurred!\n'}
[1.032298] (realsense2_camera) StdoutLine: {'line': b'See also "/ros_ws/build/realsense2_camera/CMakeFiles/CMakeOutput.log".\n'}
[1.042503] (realsense2_camera) CommandEnded: {'returncode': 1}
[1.058945] (realsense2_camera) JobEnded: {'identifier': 'realsense2_camera', 'rc': 1}
[1.069553] (-) EventReactorShutdown: {}
